timestamp,open,high,low,close,volume
2020-10-28 16:31:00,5.3100,5.3100,5.3100,5.3100,300
2020-10-28 16:30:00,5.6800,5.6800,5.6800,5.6800,300
2020-10-28 16:00:00,5.4000,5.4400,5.4000,5.4400,1751
2020-10-28 15:59:00,5.4600,5.4600,5.3950,5.3950,1021
2020-10-28 15:58:00,5.4600,5.4600,5.4300,5.4600,500
2020-10-28 15:57:00,5.4300,5.4600,5.4300,5.4600,400
2020-10-28 15:56:00,5.4600,5.4600,5.4300,5.4600,450
2020-10-28 15:55:00,5.4600,5.4600,5.4600,5.4600,200
2020-10-28 15:54:00,5.4200,5.4300,5.4150,5.4300,1128
2020-10-28 15:53:00,5.4200,5.4200,5.4200,5.4200,100
2020-10-28 15:52:00,5.4200,5.4200,5.4200,5.4200,225
2020-10-28 15:51:00,5.4200,5.4200,5.4000,5.4000,350
2020-10-28 15:50:00,5.4300,5.4300,5.4300,5.4300,100
2020-10-28 15:49:00,5.4300,5.4300,5.4300,5.4300,100
2020-10-28 15:48:00,5.4300,5.4300,5.4100,5.4100,300
2020-10-28 15:46:00,5.4200,5.4200,5.4200,5.4200,200
2020-10-28 15:45:00,5.4300,5.4300,5.4300,5.4300,101
2020-10-28 15:44:00,5.4300,5.4300,5.4300,5.4300,100
2020-10-28 15:43:00,5.4300,5.4300,5.4300,5.4300,100
2020-10-28 15:41:00,5.4550,5.4600,5.4100,5.4100,2900
2020-10-28 15:40:00,5.5000,5.5000,5.5000,5.5000,384
2020-10-28 15:39:00,5.5000,5.5000,5.4500,5.4500,2105
2020-10-28 15:38:00,5.4900,5.4900,5.4400,5.4450,400
2020-10-28 15:36:00,5.4350,5.4350,5.4350,5.4350,100
2020-10-28 15:34:00,5.4000,5.4000,5.4000,5.4000,116
2020-10-28 15:31:00,5.4500,5.4500,5.4500,5.4500,1001
2020-10-28 15:28:00,5.5200,5.5200,5.5200,5.5200,100
2020-10-28 15:26:00,5.4450,5.4450,5.4450,5.4450,100
2020-10-28 15:22:00,5.4600,5.4600,5.4300,5.4600,719
2020-10-28 15:21:00,5.4500,5.4500,5.4500,5.4500,100
2020-10-28 15:20:00,5.4500,5.4500,5.4500,5.4500,100
2020-10-28 15:19:00,5.4500,5.4500,5.4500,5.4500,100
2020-10-28 15:17:00,5.4500,5.4500,5.4500,5.4500,100
2020-10-28 15:16:00,5.4500,5.4500,5.4500,5.4500,250
2020-10-28 15:14:00,5.4500,5.4500,5.4500,5.4500,100
2020-10-28 15:13:00,5.4400,5.4400,5.4400,5.4400,300
2020-10-28 15:12:00,5.4500,5.4500,5.4500,5.4500,100
2020-10-28 15:11:00,5.4550,5.4550,5.4550,5.4550,100
2020-10-28 14:59:00,5.4300,5.4300,5.4300,5.4300,2000
2020-10-28 14:58:00,5.4600,5.4600,5.4300,5.4300,2000
2020-10-28 14:57:00,5.4500,5.4500,5.4500,5.4500,100
2020-10-28 14:50:00,5.4200,5.4200,5.4200,5.4200,300
2020-10-28 14:49:00,5.4000,5.4500,5.3994,5.4400,13100
2020-10-28 14:29:00,5.3800,5.3800,5.3700,5.3700,1100
2020-10-28 14:24:00,5.3874,5.3874,5.3874,5.3874,400
2020-10-28 14:14:00,5.4000,5.4000,5.4000,5.4000,320
2020-10-28 13:59:00,5.4000,5.4000,5.3800,5.3800,1300
2020-10-28 13:58:00,5.4000,5.4400,5.4000,5.4000,3700
2020-10-28 13:57:00,5.3999,5.4000,5.3709,5.3709,700
2020-10-28 13:51:00,5.3600,5.3650,5.3600,5.3650,300
2020-10-28 13:44:00,5.3500,5.3500,5.3500,5.3500,100
2020-10-28 13:35:00,5.3500,5.3600,5.3275,5.3600,1282
2020-10-28 13:32:00,5.3450,5.3500,5.3400,5.3500,2492
2020-10-28 13:31:00,5.3450,5.3450,5.3256,5.3256,512
2020-10-28 13:30:00,5.3800,5.3800,5.3200,5.3200,4107
2020-10-28 13:24:00,5.3790,5.3900,5.3650,5.3900,2729
2020-10-28 13:20:00,5.3700,5.3700,5.3700,5.3700,200
2020-10-28 13:16:00,5.4000,5.4000,5.4000,5.4000,100
2020-10-28 13:13:00,5.3800,5.3800,5.3800,5.3800,252
2020-10-28 13:08:00,5.4450,5.4500,5.3700,5.3700,1660
2020-10-28 13:02:00,5.4600,5.4600,5.4600,5.4600,510
2020-10-28 12:56:00,5.4431,5.4431,5.4431,5.4431,4000
2020-10-28 12:52:00,5.4500,5.4500,5.4500,5.4500,100
2020-10-28 12:51:00,5.4350,5.4350,5.4350,5.4350,500
2020-10-28 12:50:00,5.4340,5.4340,5.4340,5.4340,1000
2020-10-28 12:46:00,5.4500,5.4600,5.4500,5.4600,990
2020-10-28 12:44:00,5.4800,5.4800,5.4800,5.4800,1200
2020-10-28 12:42:00,5.5100,5.5100,5.5100,5.5100,402
2020-10-28 12:34:00,5.4800,5.5100,5.4800,5.5100,1600
2020-10-28 12:32:00,5.5100,5.5100,5.5100,5.5100,100
2020-10-28 12:31:00,5.5094,5.5094,5.5094,5.5094,1002
2020-10-28 12:30:00,5.4700,5.4700,5.4700,5.4700,100
2020-10-28 12:27:00,5.5100,5.5100,5.4700,5.4700,200
2020-10-28 12:24:00,5.5000,5.5000,5.5000,5.5000,100
2020-10-28 12:23:00,5.4638,5.5000,5.4638,5.5000,350
2020-10-28 12:17:00,5.4900,5.4900,5.4900,5.4900,200
2020-10-28 12:08:00,5.5500,5.5600,5.5300,5.5600,517
2020-10-28 11:59:00,5.5050,5.5350,5.5050,5.5350,219
2020-10-28 11:57:00,5.4550,5.4550,5.4550,5.4550,100
2020-10-28 11:51:00,5.4550,5.4550,5.4550,5.4550,100
2020-10-28 11:49:00,5.4950,5.4950,5.4950,5.4950,225
2020-10-28 11:41:00,5.4191,5.5000,5.4191,5.5000,800
2020-10-28 11:40:00,5.3950,5.4300,5.3950,5.4300,500
2020-10-28 11:36:00,5.4300,5.4300,5.4300,5.4300,100
2020-10-28 11:31:00,5.4300,5.4300,5.4300,5.4300,100
2020-10-28 11:23:00,5.4100,5.4300,5.4100,5.4300,206
2020-10-28 11:22:00,5.4100,5.4100,5.4000,5.4100,300
2020-10-28 11:15:00,5.3888,5.3888,5.3888,5.3888,800
2020-10-28 11:14:00,5.4100,5.4100,5.4100,5.4100,200
2020-10-28 11:10:00,5.3700,5.3700,5.3700,5.3700,600
2020-10-28 11:01:00,5.3600,5.3900,5.3600,5.3700,1150
2020-10-28 10:59:00,5.3700,5.3700,5.3700,5.3700,100
2020-10-28 10:54:00,5.3427,5.3427,5.3427,5.3427,200
2020-10-28 10:53:00,5.3400,5.3500,5.3400,5.3500,200
2020-10-28 10:52:00,5.3300,5.3300,5.3300,5.3300,200
2020-10-28 10:48:00,5.3700,5.3800,5.3700,5.3700,310
2020-10-28 10:45:00,5.3800,5.3800,5.3800,5.3800,1311
2020-10-28 10:41:00,5.3400,5.3750,5.3400,5.3750,602
2020-10-28 10:40:00,5.3700,5.3700,5.3700,5.3700,108
2020-10-28 10:34:00,5.3300,5.3300,5.3300,5.3300,250
2020-10-28 10:32:00,5.3000,5.3200,5.3000,5.3200,1023
2020-10-28 10:31:00,5.3000,5.3000,5.3000,5.3000,2731
2020-10-28 10:30:00,5.3100,5.3301,5.3000,5.3301,2072
2020-10-28 10:29:00,5.3500,5.3500,5.3200,5.3200,1233
2020-10-28 10:26:00,5.3765,5.3765,5.3765,5.3765,336
2020-10-28 10:22:00,5.4000,5.4000,5.4000,5.4000,567
2020-10-28 10:21:00,5.4273,5.4273,5.4273,5.4273,500
2020-10-28 10:18:00,5.4400,5.4400,5.4300,5.4300,1105
2020-10-28 10:14:00,5.4600,5.4700,5.4400,5.4400,508
2020-10-28 10:12:00,5.4406,5.4406,5.4406,5.4406,400
2020-10-28 10:07:00,5.4300,5.4300,5.4300,5.4300,163
2020-10-28 10:06:00,5.4700,5.4700,5.4700,5.4700,350
2020-10-28 10:04:00,5.4600,5.4600,5.4600,5.4600,105
2020-10-28 10:03:00,5.5600,5.5600,5.4700,5.4800,1214
2020-10-28 10:02:00,5.5600,5.5600,5.5600,5.5600,110
2020-10-28 10:01:00,5.5600,5.5600,5.5600,5.5600,100
2020-10-28 10:00:00,5.5733,5.5733,5.5733,5.5733,294
2020-10-28 09:59:00,5.5950,5.6000,5.5510,5.6000,739
2020-10-28 09:54:00,5.6150,5.6150,5.6150,5.6150,226
2020-10-28 09:48:00,5.6950,5.7000,5.6950,5.7000,200
2020-10-28 09:47:00,5.6600,5.6600,5.6600,5.6600,1000
2020-10-28 09:46:00,5.5600,5.5600,5.5600,5.5600,470
2020-10-28 09:43:00,5.5600,5.5600,5.5600,5.5600,100
2020-10-28 09:42:00,5.7100,5.7100,5.7100,5.7100,104
2020-10-28 09:41:00,5.5700,5.5700,5.5700,5.5700,1040
2020-10-28 09:39:00,5.7199,5.7199,5.5800,5.5800,3200
2020-10-28 09:38:00,5.7200,5.7200,5.7200,5.7200,100
2020-10-28 09:36:00,5.5500,5.6500,5.5500,5.6500,2725
2020-10-28 09:35:00,5.5700,5.5700,5.5100,5.5100,500
2020-10-28 09:34:00,5.5000,5.6300,5.5000,5.6300,630
2020-10-28 09:33:00,5.5400,5.5400,5.5400,5.5400,100
2020-10-28 09:31:00,5.6200,5.6200,5.6200,5.6200,1834
2020-10-27 16:00:00,5.7500,5.7600,5.7500,5.7600,2675
2020-10-27 15:59:00,5.7500,5.7500,5.7100,5.7500,455
2020-10-27 15:58:00,5.7500,5.7500,5.7000,5.7500,300
2020-10-27 15:57:00,5.7370,5.7370,5.7200,5.7200,1100
2020-10-27 15:56:00,5.7500,5.7500,5.7000,5.7000,700
2020-10-27 15:54:00,5.7500,5.7500,5.7500,5.7500,100
2020-10-27 15:52:00,5.7000,5.7500,5.7000,5.7500,709
2020-10-27 15:50:00,5.7500,5.7500,5.7500,5.7500,100
2020-10-27 15:48:00,5.7100,5.7100,5.7000,5.7000,1803
2020-10-27 15:45:00,5.6750,5.6750,5.6750,5.6750,1003
2020-10-27 15:44:00,5.6900,5.6900,5.6900,5.6900,302
2020-10-27 15:41:00,5.6800,5.7000,5.6800,5.7000,646
2020-10-27 15:40:00,5.6700,5.6800,5.6700,5.6800,898
2020-10-27 15:37:00,5.6565,5.6565,5.6500,5.6500,2093
2020-10-27 15:36:00,5.6300,5.6300,5.6300,5.6300,105
2020-10-27 15:32:00,5.6600,5.6600,5.6600,5.6600,103
2020-10-27 15:31:00,5.7000,5.7000,5.7000,5.7000,149
2020-10-27 15:30:00,5.6500,5.6500,5.6500,5.6500,102
2020-10-27 15:29:00,5.6500,5.6500,5.6500,5.6500,152
2020-10-27 15:28:00,5.6600,5.6600,5.6600,5.6600,200
2020-10-27 15:25:00,5.6700,5.6700,5.6700,5.6700,105
2020-10-27 15:19:00,5.6800,5.6900,5.6800,5.6900,598
2020-10-27 14:46:00,5.6800,5.6800,5.6800,5.6800,100
2020-10-27 14:45:00,5.6800,5.6800,5.6800,5.6800,106
2020-10-27 14:44:00,5.6800,5.6800,5.6800,5.6800,102
2020-10-27 14:37:00,5.6600,5.6600,5.6600,5.6600,101
2020-10-27 14:33:00,5.6500,5.6500,5.6500,5.6500,100
2020-10-27 14:30:00,5.7200,5.7200,5.7200,5.7200,100
2020-10-27 14:28:00,5.7200,5.7200,5.7200,5.7200,100
2020-10-27 14:18:00,5.6800,5.7100,5.6800,5.7100,200
2020-10-27 14:14:00,5.7300,5.7301,5.7100,5.7100,738
2020-10-27 14:13:00,5.7301,5.7301,5.7300,5.7300,505
2020-10-27 13:58:00,5.7500,5.7600,5.7500,5.7600,400
2020-10-27 13:57:00,5.7500,5.7500,5.7500,5.7500,100
2020-10-27 13:54:00,5.7400,5.7400,5.7400,5.7400,200
2020-10-27 13:53:00,5.7500,5.7500,5.7200,5.7200,400
2020-10-27 13:50:00,5.7500,5.7500,5.7500,5.7500,221
2020-10-27 13:48:00,5.7500,5.7500,5.7500,5.7500,100
2020-10-27 13:47:00,5.7400,5.7400,5.7400,5.7400,100
2020-10-27 13:46:00,5.7900,5.7900,5.7500,5.7500,300
2020-10-27 13:45:00,5.7500,5.7500,5.7500,5.7500,200
2020-10-27 13:44:00,5.7486,5.7500,5.7486,5.7500,1300
2020-10-27 13:43:00,5.7500,5.7500,5.7500,5.7500,266
2020-10-27 13:41:00,5.7500,5.7500,5.7000,5.7000,768
2020-10-27 13:36:00,5.7400,5.7500,5.7400,5.7500,495
2020-10-27 13:34:00,5.7100,5.7200,5.7100,5.7200,200
2020-10-27 13:33:00,5.7200,5.7200,5.7200,5.7200,100
2020-10-27 13:31:00,5.7200,5.7200,5.7200,5.7200,102
2020-10-27 13:30:00,5.7200,5.7200,5.7200,5.7200,200
2020-10-27 13:28:00,5.7200,5.7200,5.7200,5.7200,100
2020-10-27 13:26:00,5.7300,5.7300,5.7100,5.7100,200
2020-10-27 13:24:00,5.6900,5.7300,5.6800,5.7300,832
2020-10-27 13:23:00,5.6900,5.6900,5.6900,5.6900,100
2020-10-27 13:22:00,5.6900,5.6900,5.6900,5.6900,100
2020-10-27 13:17:00,5.6900,5.6900,5.6900,5.6900,100
2020-10-27 13:16:00,5.5900,5.5900,5.5900,5.5900,100
2020-10-27 13:15:00,5.6900,5.6900,5.6900,5.6900,207
2020-10-27 13:12:00,5.6300,5.7000,5.6000,5.7000,4128
2020-10-27 13:10:00,5.6600,5.6600,5.6600,5.6600,115
2020-10-27 12:51:00,5.6700,5.6700,5.6700,5.6700,169
2020-10-27 12:45:00,5.7000,5.7000,5.6800,5.6800,644
2020-10-27 12:43:00,5.6750,5.6750,5.6750,5.6750,100
2020-10-27 12:40:00,5.7000,5.7000,5.7000,5.7000,100
2020-10-27 12:38:00,5.6713,5.6713,5.6713,5.6713,786
2020-10-27 12:35:00,5.6800,5.6900,5.6800,5.6900,680
2020-10-27 12:33:00,5.6645,5.6800,5.6645,5.6800,2100
2020-10-27 12:32:00,5.6650,5.6650,5.6650,5.6650,1000
2020-10-27 12:21:00,5.6500,5.6500,5.6400,5.6400,200
2020-10-27 12:08:00,5.6400,5.6400,5.6400,5.6400,100
2020-10-27 12:04:00,5.6674,5.6674,5.6674,5.6674,250
2020-10-27 11:58:00,5.7000,5.7000,5.7000,5.7000,219
2020-10-27 11:50:00,5.7000,5.7000,5.7000,5.7000,157
2020-10-27 11:48:00,5.6800,5.7000,5.6800,5.7000,200
2020-10-27 11:47:00,5.6600,5.6700,5.6600,5.6700,200
2020-10-27 11:46:00,5.6500,5.6600,5.6500,5.6600,500
2020-10-27 11:41:00,5.5900,5.6500,5.5900,5.6500,1061
2020-10-27 11:37:00,5.5900,5.5900,5.5900,5.5900,101
2020-10-27 11:34:00,5.5900,5.5900,5.5899,5.5900,6100
2020-10-27 11:32:00,5.5800,5.5800,5.5550,5.5550,601
2020-10-27 11:27:00,5.6800,5.6800,5.5400,5.5400,574
2020-10-27 11:26:00,5.5800,5.5800,5.5800,5.5800,314
2020-10-27 11:24:00,5.5800,5.5800,5.5800,5.5800,100
2020-10-27 11:23:00,5.5800,5.5800,5.5800,5.5800,730
2020-10-27 11:22:00,5.5800,5.5800,5.5800,5.5800,300
2020-10-27 11:21:00,5.5800,5.5800,5.5800,5.5800,300
2020-10-27 11:19:00,5.5800,5.5800,5.5800,5.5800,100
2020-10-27 11:18:00,5.5800,5.5800,5.5800,5.5800,300
2020-10-27 11:17:00,5.5800,5.5800,5.5800,5.5800,100
2020-10-27 11:16:00,5.5800,5.5800,5.5800,5.5800,200
2020-10-27 11:15:00,5.5800,5.5800,5.5800,5.5800,210
2020-10-27 11:14:00,5.5900,5.5900,5.5900,5.5900,201
2020-10-27 11:13:00,5.5800,5.5800,5.5800,5.5800,101
2020-10-27 11:12:00,5.5900,5.5900,5.5800,5.5800,572
2020-10-27 11:11:00,5.5900,5.6000,5.5900,5.6000,312
2020-10-27 11:08:00,5.6000,5.6000,5.6000,5.6000,100
2020-10-27 11:07:00,5.6000,5.6000,5.6000,5.6000,100
2020-10-27 11:01:00,5.6100,5.6100,5.6100,5.6100,485
2020-10-27 10:59:00,5.6100,5.6100,5.6100,5.6100,125
2020-10-27 10:49:00,5.5500,5.5600,5.5500,5.5600,2500
2020-10-27 10:48:00,5.5500,5.5500,5.5500,5.5500,400
2020-10-27 10:43:00,5.5500,5.5500,5.5500,5.5500,400
2020-10-27 10:38:00,5.5400,5.5400,5.5400,5.5400,1262
2020-10-27 10:37:00,5.5400,5.5400,5.5400,5.5400,350
2020-10-27 10:35:00,5.5100,5.5100,5.5100,5.5100,100
2020-10-27 10:27:00,5.5400,5.5400,5.5379,5.5379,346
2020-10-27 10:24:00,5.5400,5.5400,5.5400,5.5400,200
2020-10-27 10:20:00,5.5400,5.5400,5.5400,5.5400,285
2020-10-27 09:38:00,5.5500,5.6300,5.5300,5.6300,930
2020-10-27 09:37:00,5.6200,5.6200,5.5600,5.5600,400
2020-10-27 09:33:00,5.5500,5.5500,5.5500,5.5500,108
2020-10-27 09:31:00,5.6200,5.6900,5.6200,5.6900,1362
2020-10-26 17:57:00,5.6201,5.6201,5.6200,5.6200,200
2020-10-26 16:00:00,5.6600,5.6600,5.6500,5.6500,972
2020-10-26 15:59:00,5.6500,5.6500,5.6500,5.6500,462
2020-10-26 15:57:00,5.6800,5.6800,5.6800,5.6800,100
2020-10-26 15:55:00,5.6700,5.6700,5.6700,5.6700,101
2020-10-26 15:53:00,5.6900,5.6900,5.6900,5.6900,100
2020-10-26 15:52:00,5.6900,5.6900,5.6900,5.6900,101
2020-10-26 15:50:00,5.6800,5.6800,5.6800,5.6800,100
2020-10-26 15:48:00,5.6800,5.6800,5.6800,5.6800,100
2020-10-26 15:43:00,5.6800,5.6800,5.6800,5.6800,100
2020-10-26 15:41:00,5.6500,5.6500,5.6500,5.6500,100
2020-10-26 15:40:00,5.6500,5.6500,5.6500,5.6500,101
2020-10-26 15:39:00,5.6500,5.6500,5.6500,5.6500,100
2020-10-26 15:33:00,5.6100,5.6100,5.6100,5.6100,100
2020-10-26 15:31:00,5.6100,5.6100,5.6000,5.6000,200
2020-10-26 15:30:00,5.5600,5.5850,5.5600,5.5850,792
2020-10-26 15:28:00,5.5800,5.5800,5.5800,5.5800,100
2020-10-26 15:27:00,5.6000,5.6000,5.6000,5.6000,100
2020-10-26 15:26:00,5.6000,5.6000,5.6000,5.6000,100
2020-10-26 15:25:00,5.6100,5.6100,5.6100,5.6100,280
2020-10-26 15:21:00,5.5800,5.6200,5.5800,5.6200,804
2020-10-26 15:19:00,5.6300,5.6300,5.6000,5.6000,260
2020-10-26 15:17:00,5.6500,5.6500,5.6200,5.6200,1000
2020-10-26 15:16:00,5.6800,5.6800,5.6800,5.6800,150
2020-10-26 15:15:00,5.6800,5.6800,5.6800,5.6800,100
2020-10-26 15:13:00,5.7000,5.7000,5.7000,5.7000,100
2020-10-26 15:11:00,5.7100,5.7100,5.7100,5.7100,100
2020-10-26 15:10:00,5.7700,5.7700,5.7400,5.7400,200
2020-10-26 15:09:00,5.7400,5.7400,5.7400,5.7400,100
2020-10-26 15:08:00,5.7400,5.7400,5.7400,5.7400,100
2020-10-26 15:07:00,5.7600,5.7700,5.7600,5.7700,458
2020-10-26 15:06:00,5.7700,5.7900,5.7700,5.7700,1527
2020-10-26 15:05:00,5.7800,5.7800,5.7500,5.7500,401
2020-10-26 15:04:00,5.7600,5.7800,5.7400,5.7500,1354
2020-10-26 15:03:00,5.7300,5.7600,5.7100,5.7600,1475
2020-10-26 15:02:00,5.7300,5.7400,5.7300,5.7400,225
2020-10-26 15:01:00,5.6900,5.7250,5.6900,5.7250,1591
2020-10-26 15:00:00,5.6500,5.6900,5.6500,5.6900,225
2020-10-26 14:58:00,5.6500,5.6500,5.6500,5.6500,100
2020-10-26 14:57:00,5.6500,5.6500,5.6500,5.6500,100
2020-10-26 14:55:00,5.6600,5.7000,5.6600,5.7000,200
2020-10-26 14:54:00,5.7000,5.7000,5.7000,5.7000,151
2020-10-26 14:52:00,5.6500,5.6500,5.6500,5.6500,100
2020-10-26 14:51:00,5.7100,5.7200,5.7100,5.7200,3000
2020-10-26 14:45:00,5.7200,5.7200,5.7200,5.7200,100
2020-10-26 14:38:00,5.6800,5.6800,5.6800,5.6800,100
2020-10-26 14:12:00,5.6500,5.6500,5.6500,5.6500,449
2020-10-26 14:11:00,5.6400,5.6400,5.6400,5.6400,313
2020-10-26 14:03:00,5.5755,5.5755,5.5755,5.5755,400
2020-10-26 13:59:00,5.6300,5.6300,5.5900,5.6300,351
2020-10-26 13:58:00,5.6300,5.6300,5.6300,5.6300,100
2020-10-26 13:56:00,5.5900,5.6000,5.5800,5.6000,1022
2020-10-26 13:53:00,5.5600,5.5600,5.5600,5.5600,100
2020-10-26 13:45:00,5.5900,5.5900,5.5900,5.5900,409
2020-10-26 13:40:00,5.5793,5.5793,5.5793,5.5793,300
2020-10-26 13:25:00,5.6000,5.6000,5.5800,5.5800,200
2020-10-26 13:22:00,5.5900,5.6000,5.5900,5.6000,201
2020-10-26 13:15:00,5.5500,5.5500,5.5500,5.5500,100
2020-10-26 13:13:00,5.5600,5.5600,5.5600,5.5600,106
2020-10-26 13:12:00,5.5580,5.5580,5.5580,5.5580,401
2020-10-26 13:11:00,5.5600,5.5600,5.5600,5.5600,300
2020-10-26 13:09:00,5.5500,5.5500,5.5500,5.5500,342
2020-10-26 13:07:00,5.5500,5.5500,5.5500,5.5500,153
2020-10-26 13:06:00,5.5300,5.5300,5.5300,5.5300,542
2020-10-26 13:05:00,5.5300,5.5300,5.5300,5.5300,300
2020-10-26 13:04:00,5.5400,5.5400,5.5300,5.5300,247
2020-10-26 12:59:00,5.5600,5.5600,5.5500,5.5500,709
2020-10-26 12:51:00,5.5900,5.5900,5.5700,5.5900,752
2020-10-26 12:46:00,5.5800,5.5800,5.5800,5.5800,120
2020-10-26 12:40:00,5.5600,5.5800,5.5600,5.5800,900
2020-10-26 12:39:00,5.6300,5.6300,5.6000,5.6000,1523
2020-10-26 12:30:00,5.6501,5.6600,5.6501,5.6600,275
2020-10-26 12:29:00,5.6500,5.6500,5.6500,5.6500,1219
2020-10-26 12:28:00,5.6700,5.6700,5.6700,5.6700,206
2020-10-26 12:23:00,5.6900,5.6900,5.6900,5.6900,100
2020-10-26 12:19:00,5.6700,5.6700,5.6700,5.6700,283
2020-10-26 12:13:00,5.6700,5.6783,5.6700,5.6783,601
2020-10-26 12:06:00,5.7000,5.7000,5.6800,5.6800,302
2020-10-26 12:00:00,5.7200,5.7200,5.7200,5.7200,107
2020-10-26 11:54:00,5.7200,5.7200,5.7200,5.7200,160
2020-10-26 11:52:00,5.6850,5.6850,5.6850,5.6850,101
2020-10-26 11:51:00,5.6850,5.6850,5.6850,5.6850,151
2020-10-26 11:50:00,5.7100,5.7200,5.7100,5.7100,473
2020-10-26 11:47:00,5.6900,5.6900,5.6900,5.6900,141
2020-10-26 11:45:00,5.6900,5.6900,5.6900,5.6900,100
2020-10-26 11:39:00,5.6600,5.6600,5.6600,5.6600,142
2020-10-26 11:38:00,5.6700,5.6812,5.6500,5.6600,1638
2020-10-26 11:25:00,5.7200,5.7200,5.7200,5.7200,100
2020-10-26 11:21:00,5.7400,5.7400,5.7000,5.7000,1128
2020-10-26 11:18:00,5.7200,5.7200,5.7200,5.7200,200
2020-10-26 11:14:00,5.7325,5.7325,5.7325,5.7325,100
2020-10-26 11:13:00,5.7350,5.7350,5.7350,5.7350,100
2020-10-26 11:10:00,5.7200,5.7200,5.7200,5.7200,293
2020-10-26 11:07:00,5.7200,5.7400,5.7100,5.7100,1000
2020-10-26 10:57:00,5.7500,5.7600,5.7400,5.7400,1752
2020-10-26 10:55:00,5.7757,5.7757,5.7757,5.7757,383
2020-10-26 10:52:00,5.8000,5.8000,5.8000,5.8000,100
2020-10-26 10:51:00,5.7750,5.7750,5.7750,5.7750,101
2020-10-26 10:50:00,5.8000,5.8000,5.8000,5.8000,186
2020-10-26 10:49:00,5.7501,5.7501,5.7501,5.7501,1133
2020-10-26 10:43:00,5.7501,5.7501,5.7501,5.7501,1300
2020-10-26 10:40:00,5.8000,5.8000,5.8000,5.8000,100
2020-10-26 10:39:00,5.7501,5.7501,5.7501,5.7501,1008
2020-10-26 10:38:00,5.8000,5.8000,5.8000,5.8000,101
2020-10-26 10:35:00,5.8100,5.8100,5.8100,5.8100,100
2020-10-26 10:30:00,5.8200,5.8200,5.8100,5.8100,221
2020-10-26 10:28:00,5.7900,5.7900,5.7900,5.7900,200
2020-10-26 10:27:00,5.7900,5.7900,5.7900,5.7900,1011
2020-10-26 10:25:00,5.8100,5.8200,5.7900,5.8100,516
2020-10-26 10:24:00,5.8300,5.8300,5.8300,5.8300,194
2020-10-26 10:20:00,5.7800,5.7800,5.7800,5.7800,1000
2020-10-26 10:19:00,5.7700,5.7800,5.7700,5.7700,627
2020-10-26 10:18:00,5.8400,5.8400,5.8400,5.8400,100
2020-10-26 10:16:00,5.8065,5.8065,5.7800,5.7800,201
2020-10-26 10:15:00,5.8300,5.8300,5.8300,5.8300,100
2020-10-26 10:14:00,5.8050,5.8100,5.8050,5.8100,670
2020-10-26 10:12:00,5.8050,5.8050,5.8050,5.8050,101
2020-10-26 10:10:00,5.8300,5.8300,5.8300,5.8300,100
2020-10-26 10:08:00,5.7700,5.7700,5.7700,5.7700,2111
2020-10-26 10:04:00,5.8050,5.8050,5.8050,5.8050,143
2020-10-26 10:03:00,5.7985,5.7985,5.7985,5.7985,1017
2020-10-26 10:02:00,5.8400,5.8400,5.8400,5.8400,101
2020-10-26 09:54:00,5.8050,5.8050,5.8050,5.8050,150
2020-10-26 09:51:00,5.7700,5.7700,5.7700,5.7700,152
2020-10-26 09:50:00,5.8300,5.8300,5.8300,5.8300,120
2020-10-26 09:48:00,5.8161,5.8161,5.8161,5.8161,250
2020-10-26 09:47:00,5.8500,5.8600,5.8500,5.8600,265
2020-10-26 09:42:00,5.8600,5.8600,5.8600,5.8600,200
2020-10-26 09:39:00,5.8601,5.8601,5.8601,5.8601,120
2020-10-26 09:38:00,5.8700,5.9000,5.8700,5.9000,682
2020-10-26 09:37:00,5.8500,5.8500,5.8500,5.8500,125
2020-10-26 09:36:00,5.8400,5.8400,5.8400,5.8400,318
2020-10-26 09:35:00,5.8300,5.8420,5.8300,5.8420,1491
2020-10-26 09:33:00,5.8400,5.8423,5.8400,5.8423,929
2020-10-26 09:32:00,5.8200,5.8200,5.8200,5.8200,238
2020-10-26 09:31:00,5.8200,5.8200,5.8200,5.8200,1646
2020-10-26 09:09:00,5.8000,5.8000,5.8000,5.8000,118
2020-10-26 09:04:00,5.8000,5.8000,5.8000,5.8000,275
2020-10-26 08:39:00,5.7500,5.7500,5.7500,5.7500,100
2020-10-26 08:01:00,5.6500,5.6500,5.6500,5.6500,1250
2020-10-23 16:00:00,5.8200,5.8500,5.8100,5.8400,5730
2020-10-23 15:59:00,5.8100,5.8400,5.8100,5.8400,1100
2020-10-23 15:58:00,5.8000,5.8100,5.8000,5.8100,356
2020-10-23 15:56:00,5.8100,5.8100,5.7900,5.7900,4182
2020-10-23 15:55:00,5.8000,5.8000,5.8000,5.8000,100
2020-10-23 15:54:00,5.8000,5.8000,5.8000,5.8000,100
2020-10-23 15:52:00,5.8000,5.8000,5.8000,5.8000,103
2020-10-23 15:50:00,5.8600,5.8600,5.8000,5.8116,3420
2020-10-23 15:47:00,5.8800,5.8800,5.8800,5.8800,100
2020-10-23 15:45:00,5.8800,5.8800,5.8600,5.8600,300
2020-10-23 15:43:00,5.8800,5.8800,5.8800,5.8800,100
2020-10-23 15:42:00,5.8598,5.8700,5.8598,5.8700,3692
2020-10-23 15:38:00,5.8700,5.8700,5.8700,5.8700,100
2020-10-23 15:35:00,5.8450,5.8500,5.8450,5.8500,1054
2020-10-23 15:34:00,5.8500,5.8500,5.8500,5.8500,1477
2020-10-23 15:32:00,5.8375,5.8375,5.8375,5.8375,290
2020-10-23 15:30:00,5.8300,5.8300,5.8300,5.8300,100
2020-10-23 15:28:00,5.8500,5.8500,5.8500,5.8500,100
2020-10-23 15:24:00,5.8500,5.8500,5.8200,5.8200,1924
2020-10-23 15:23:00,5.7600,5.7900,5.7600,5.7900,1180
2020-10-23 15:20:00,5.7450,5.7450,5.7450,5.7450,100
2020-10-23 15:18:00,5.7450,5.7450,5.7450,5.7450,800
2020-10-23 15:16:00,5.7300,5.7500,5.7300,5.7303,1944
2020-10-23 15:15:00,5.7300,5.7300,5.7300,5.7300,700
2020-10-23 15:14:00,5.7100,5.7400,5.7000,5.7300,3173
2020-10-23 15:05:00,5.7600,5.7600,5.7600,5.7600,100
2020-10-23 15:01:00,5.7300,5.7300,5.7300,5.7300,349
2020-10-23 14:57:00,5.7150,5.7250,5.7150,5.7250,320
2020-10-23 14:52:00,5.7400,5.7400,5.7400,5.7400,100
2020-10-23 14:49:00,5.7500,5.7500,5.7500,5.7500,300
2020-10-23 14:45:00,5.7100,5.7250,5.7100,5.7250,336
2020-10-23 14:38:00,5.7000,5.7000,5.7000,5.7000,200
2020-10-23 14:24:00,5.7400,5.7400,5.7400,5.7400,500
2020-10-23 14:23:00,5.7600,5.7600,5.7500,5.7500,386
2020-10-23 14:20:00,5.7800,5.7800,5.7800,5.7800,100
2020-10-23 14:18:00,5.7700,5.7700,5.7400,5.7500,3300
2020-10-23 14:14:00,5.7900,5.7900,5.7900,5.7900,100
2020-10-23 14:09:00,5.7700,5.7700,5.7700,5.7700,111
2020-10-23 14:08:00,5.7800,5.7800,5.7800,5.7800,200
2020-10-23 14:07:00,5.7900,5.7900,5.7600,5.7600,601
2020-10-23 14:06:00,5.7900,5.7900,5.7900,5.7900,229
2020-10-23 14:02:00,5.7685,5.7685,5.7685,5.7685,200
2020-10-23 14:01:00,5.7900,5.7900,5.7900,5.7900,100
2020-10-23 14:00:00,5.7700,5.7700,5.7700,5.7700,405
2020-10-23 13:58:00,5.7685,5.7685,5.7685,5.7685,2184
2020-10-23 13:55:00,5.7250,5.7500,5.7250,5.7500,3680
2020-10-23 13:53:00,5.7300,5.7400,5.7300,5.7300,900
2020-10-23 13:46:00,5.7000,5.7000,5.7000,5.7000,142
2020-10-23 13:42:00,5.7250,5.7250,5.7250,5.7250,200
2020-10-23 13:40:00,5.6900,5.7250,5.6900,5.7250,1101
2020-10-23 13:31:00,5.7200,5.7700,5.7200,5.7300,3203
2020-10-23 13:30:00,5.7000,5.7000,5.7000,5.7000,100
2020-10-23 13:19:00,5.6500,5.6500,5.6500,5.6500,100
2020-10-23 13:17:00,5.6850,5.6850,5.6850,5.6850,350
2020-10-23 12:58:00,5.6700,5.6700,5.6700,5.6700,100
2020-10-23 12:53:00,5.6550,5.6550,5.6550,5.6550,100
2020-10-23 12:47:00,5.6550,5.6550,5.6550,5.6550,270
2020-10-23 12:42:00,5.6500,5.6600,5.6500,5.6600,401
2020-10-23 12:41:00,5.6374,5.6374,5.6300,5.6300,200
2020-10-23 12:40:00,5.6200,5.6200,5.6200,5.6200,240
2020-10-23 12:34:00,5.6500,5.6500,5.6350,5.6434,600
2020-10-23 12:31:00,5.6300,5.6400,5.6300,5.6400,521
2020-10-23 12:22:00,5.6412,5.6412,5.6412,5.6412,1000
2020-10-23 12:21:00,5.6400,5.6500,5.6300,5.6425,1420
2020-10-23 12:17:00,5.6550,5.6550,5.6403,5.6403,200
2020-10-23 12:14:00,5.6700,5.6700,5.6700,5.6700,100
2020-10-23 12:12:00,5.6600,5.6600,5.6600,5.6600,242
2020-10-23 12:11:00,5.6600,5.6700,5.6600,5.6700,201
2020-10-23 12:06:00,5.6550,5.6550,5.6550,5.6550,400
2020-10-23 12:04:00,5.6550,5.6550,5.6550,5.6550,165
2020-10-23 11:55:00,5.6500,5.6500,5.6500,5.6500,201
2020-10-23 11:54:00,5.6550,5.6600,5.6467,5.6467,1758
2020-10-23 11:38:00,5.6800,5.6800,5.6800,5.6800,303
2020-10-23 11:32:00,5.6500,5.6500,5.6500,5.6500,100
2020-10-23 11:30:00,5.6800,5.6800,5.6800,5.6800,100
2020-10-23 11:29:00,5.6600,5.6600,5.6600,5.6600,116
2020-10-23 11:27:00,5.6400,5.6400,5.6400,5.6400,3211
2020-10-23 11:25:00,5.6250,5.6250,5.6250,5.6250,246
2020-10-23 11:13:00,5.6200,5.6200,5.6200,5.6200,200
2020-10-23 11:12:00,5.6400,5.6400,5.6400,5.6400,1001
2020-10-23 11:11:00,5.6400,5.6400,5.6400,5.6400,222
2020-10-23 11:09:00,5.6400,5.6400,5.6300,5.6400,951
2020-10-23 11:06:00,5.6250,5.6250,5.6103,5.6103,200
2020-10-23 11:03:00,5.6200,5.6200,5.6100,5.6100,200
2020-10-23 11:01:00,5.6300,5.6300,5.6300,5.6300,104
2020-10-23 10:57:00,5.6300,5.6300,5.6100,5.6300,2400
2020-10-23 10:50:00,5.6337,5.6337,5.6337,5.6337,100
2020-10-23 10:48:00,5.6380,5.6380,5.6380,5.6380,500
2020-10-23 10:41:00,5.6000,5.6000,5.6000,5.6000,100
2020-10-23 10:39:00,5.6100,5.6100,5.6100,5.6100,100
2020-10-23 10:38:00,5.6000,5.6000,5.5999,5.6000,2258
2020-10-23 10:32:00,5.6900,5.6900,5.6100,5.6100,402
2020-10-23 10:30:00,5.6700,5.6800,5.6200,5.6200,602
2020-10-23 10:28:00,5.6800,5.6800,5.6800,5.6800,100
2020-10-23 10:27:00,5.7250,5.7250,5.7250,5.7250,200
2020-10-23 10:19:00,5.7250,5.7250,5.7250,5.7250,200
2020-10-23 10:15:00,5.7350,5.7350,5.7350,5.7350,1631
2020-10-23 10:01:00,5.7400,5.7400,5.6900,5.6900,1210
2020-10-23 09:56:00,5.7872,5.7872,5.7750,5.7750,720
2020-10-23 09:51:00,5.7750,5.7750,5.7750,5.7750,200
2020-10-23 09:45:00,5.7750,5.7750,5.7750,5.7750,130
2020-10-23 09:44:00,5.7001,5.7001,5.7001,5.7001,126
2020-10-23 09:43:00,5.7000,5.7750,5.7000,5.7750,555
2020-10-23 09:31:00,5.8000,5.8000,5.8000,5.8000,2019
2020-10-22 16:59:00,5.6700,5.6700,5.6700,5.6700,1000
2020-10-22 16:34:00,5.7000,5.7000,5.7000,5.7000,100
2020-10-22 16:31:00,5.7000,5.7000,5.7000,5.7000,100
2020-10-22 16:16:00,5.7200,5.7200,5.7200,5.7200,300
2020-10-22 16:01:00,5.7800,5.7800,5.7800,5.7800,200
2020-10-22 16:00:00,5.8200,5.8300,5.8100,5.8100,3068
2020-10-22 15:59:00,5.8100,5.8200,5.8000,5.8100,3070
2020-10-22 15:58:00,5.7630,5.8000,5.7630,5.8000,420
2020-10-22 15:57:00,5.7800,5.8100,5.7800,5.8100,1008
2020-10-22 15:56:00,5.7700,5.8100,5.7700,5.8000,5726
2020-10-22 15:55:00,5.7500,5.7700,5.7400,5.7700,2400
2020-10-22 15:54:00,5.7550,5.7550,5.7550,5.7550,100
2020-10-22 15:53:00,5.7400,5.7700,5.7400,5.7700,670
2020-10-22 15:52:00,5.7500,5.7700,5.7500,5.7700,694
2020-10-22 15:51:00,5.7500,5.7500,5.7300,5.7300,416
2020-10-22 15:43:00,5.7400,5.7400,5.7400,5.7400,500
2020-10-22 15:40:00,5.7200,5.7200,5.7100,5.7200,1640
2020-10-22 15:36:00,5.7400,5.7400,5.7400,5.7400,200
2020-10-22 15:35:00,5.7500,5.7500,5.7500,5.7500,100
2020-10-22 15:24:00,5.7550,5.7550,5.7550,5.7550,250
2020-10-22 15:19:00,5.7600,5.7600,5.7600,5.7600,159
2020-10-22 15:17:00,5.7600,5.7600,5.7600,5.7600,242
2020-10-22 15:08:00,5.7600,5.7600,5.7600,5.7600,600
2020-10-22 15:07:00,5.7500,5.7500,5.7500,5.7500,100
2020-10-22 15:06:00,5.7400,5.7400,5.7400,5.7400,124
2020-10-22 15:04:00,5.7400,5.7400,5.7200,5.7200,673
2020-10-22 15:03:00,5.7600,5.7600,5.7600,5.7600,4594
2020-10-22 15:00:00,5.7600,5.7601,5.7600,5.7600,3001
2020-10-22 14:58:00,5.7800,5.7800,5.7800,5.7800,107
2020-10-22 14:57:00,5.7400,5.7500,5.7400,5.7500,500
2020-10-22 14:53:00,5.7100,5.7400,5.7100,5.7400,2285
2020-10-22 14:52:00,5.7100,5.7100,5.7100,5.7100,500
2020-10-22 14:50:00,5.7000,5.7000,5.7000,5.7000,308
2020-10-22 14:47:00,5.7000,5.7000,5.7000,5.7000,687
2020-10-22 14:46:00,5.7000,5.7000,5.7000,5.7000,2100
2020-10-22 14:44:00,5.6400,5.7100,5.6400,5.7100,6573
2020-10-22 14:38:00,5.6400,5.6400,5.6400,5.6400,200
2020-10-22 14:36:00,5.6630,5.6630,5.6630,5.6630,704
2020-10-22 14:22:00,5.6800,5.6800,5.6800,5.6800,100
2020-10-22 14:21:00,5.6350,5.6800,5.6350,5.6800,510
2020-10-22 14:19:00,5.6350,5.6350,5.6350,5.6350,635
2020-10-22 14:13:00,5.6800,5.6800,5.6800,5.6800,125
2020-10-22 14:10:00,5.6700,5.6700,5.6700,5.6700,101
2020-10-22 14:08:00,5.6700,5.6700,5.6700,5.6700,100
2020-10-22 14:07:00,5.6100,5.6100,5.6100,5.6100,300
2020-10-22 14:06:00,5.6100,5.6100,5.6100,5.6100,218
2020-10-22 14:05:00,5.6100,5.6100,5.6100,5.6100,100
2020-10-22 14:03:00,5.5950,5.5950,5.5950,5.5950,224
2020-10-22 13:58:00,5.6301,5.6301,5.5300,5.5300,8147
2020-10-22 13:50:00,5.6550,5.6550,5.6550,5.6550,100
2020-10-22 13:45:00,5.6900,5.6900,5.6900,5.6900,200
2020-10-22 13:37:00,5.7000,5.7000,5.7000,5.7000,133
2020-10-22 13:28:00,5.6800,5.6900,5.6800,5.6900,545
2020-10-22 13:27:00,5.6520,5.6520,5.6520,5.6520,203
2020-10-22 13:26:00,5.6615,5.6615,5.6615,5.6615,904
2020-10-22 13:21:00,5.6900,5.6900,5.6900,5.6900,100
2020-10-22 13:15:00,5.6700,5.6700,5.6700,5.6700,500
2020-10-22 13:12:00,5.6400,5.6400,5.6400,5.6400,100
2020-10-22 13:09:00,5.6900,5.6900,5.6376,5.6376,466
2020-10-22 13:06:00,5.5900,5.6000,5.5900,5.6000,306
2020-10-22 13:04:00,5.5800,5.5800,5.5800,5.5800,100
2020-10-22 13:03:00,5.5600,5.5600,5.5600,5.5600,102
2020-10-22 12:59:00,5.5600,5.5600,5.5600,5.5600,600
2020-10-22 12:57:00,5.5400,5.5400,5.5400,5.5400,101
2020-10-22 12:54:00,5.5400,5.5586,5.5400,5.5586,477
2020-10-22 12:53:00,5.5100,5.5100,5.5100,5.5100,100
2020-10-22 12:51:00,5.5200,5.5200,5.5100,5.5200,1574
2020-10-22 12:44:00,5.5600,5.5600,5.5500,5.5500,425
2020-10-22 12:42:00,5.5900,5.5900,5.5900,5.5900,272
2020-10-22 12:40:00,5.5500,5.5500,5.5500,5.5500,103
2020-10-22 12:39:00,5.6250,5.7000,5.6250,5.6900,1100
2020-10-22 12:29:00,5.5750,5.5750,5.5750,5.5750,200
2020-10-22 12:28:00,5.6400,5.6400,5.6400,5.6400,144
2020-10-22 12:27:00,5.5735,5.5735,5.5735,5.5735,500
2020-10-22 12:21:00,5.5900,5.5900,5.5200,5.5200,1000
2020-10-22 12:19:00,5.5600,5.5600,5.5600,5.5600,204
2020-10-22 12:18:00,5.5800,5.5800,5.5800,5.5800,6100
2020-10-22 12:13:00,5.6200,5.6200,5.6200,5.6200,541
2020-10-22 12:12:00,5.6350,5.6350,5.6350,5.6350,200
2020-10-22 12:08:00,5.6200,5.6200,5.6200,5.6200,159
2020-10-22 12:04:00,5.6601,5.6601,5.6600,5.6600,7600
2020-10-22 11:53:00,5.7050,5.7050,5.7050,5.7050,300
2020-10-22 11:51:00,5.7400,5.7400,5.7400,5.7400,300
2020-10-22 11:47:00,5.6850,5.6850,5.6850,5.6850,300
2020-10-22 11:46:00,5.7100,5.7100,5.7000,5.7000,202
2020-10-22 11:45:00,5.7000,5.7000,5.7000,5.7000,400
2020-10-22 11:44:00,5.6750,5.7000,5.6750,5.7000,1547
2020-10-22 11:38:00,5.6855,5.6855,5.6855,5.6855,300
2020-10-22 11:33:00,5.6900,5.6900,5.6900,5.6900,102
2020-10-22 11:32:00,5.6375,5.6375,5.6375,5.6375,1100
2020-10-22 11:24:00,5.6550,5.6550,5.6550,5.6550,1559
2020-10-22 11:17:00,5.6600,5.6900,5.6600,5.6900,900
2020-10-22 11:08:00,5.7200,5.7200,5.7200,5.7200,901
2020-10-22 11:07:00,5.7100,5.7400,5.7100,5.7400,722
2020-10-22 11:06:00,5.7100,5.7100,5.7100,5.7100,353
2020-10-22 11:03:00,5.7000,5.7000,5.7000,5.7000,300
2020-10-22 11:02:00,5.6900,5.6900,5.6900,5.6900,200
2020-10-22 11:01:00,5.6900,5.6900,5.6900,5.6900,100
2020-10-22 11:00:00,5.6900,5.6900,5.6900,5.6900,100
2020-10-22 10:59:00,5.6900,5.6900,5.6900,5.6900,100
2020-10-22 10:58:00,5.7000,5.7000,5.7000,5.7000,101
2020-10-22 10:57:00,5.6900,5.6900,5.6900,5.6900,100
2020-10-22 10:56:00,5.6500,5.6900,5.6500,5.6900,1102
2020-10-22 10:55:00,5.6500,5.6500,5.6500,5.6500,167
2020-10-22 10:54:00,5.6250,5.6250,5.6250,5.6250,739
2020-10-22 10:53:00,5.6000,5.6000,5.6000,5.6000,210
2020-10-22 10:52:00,5.6000,5.6000,5.6000,5.6000,301
2020-10-22 10:51:00,5.5600,5.5750,5.5600,5.5600,1292
2020-10-22 10:50:00,5.5785,5.5785,5.5785,5.5785,100
2020-10-22 10:48:00,5.5600,5.5601,5.5600,5.5601,350
2020-10-22 10:47:00,5.5600,5.5601,5.5500,5.5601,1350
2020-10-22 10:46:00,5.5600,5.5600,5.5600,5.5600,300
2020-10-22 10:44:00,5.5500,5.5600,5.5400,5.5600,1132
2020-10-22 10:43:00,5.5700,5.5800,5.5300,5.5800,1417
2020-10-22 10:38:00,5.5300,5.5300,5.5300,5.5300,235
2020-10-22 10:37:00,5.4900,5.5300,5.4900,5.5300,2343
2020-10-22 10:36:00,5.4900,5.4900,5.4900,5.4900,1000
2020-10-22 10:29:00,5.5100,5.5100,5.5100,5.5100,550
2020-10-22 10:28:00,5.5300,5.5300,5.5100,5.5100,484
2020-10-22 10:27:00,5.5200,5.5200,5.5200,5.5200,338
2020-10-22 10:25:00,5.5629,5.5629,5.5629,5.5629,500
2020-10-22 10:16:00,5.5550,5.5550,5.5550,5.5550,100
2020-10-22 10:14:00,5.5300,5.5400,5.5300,5.5399,909
2020-10-22 10:12:00,5.5300,5.5300,5.5200,5.5200,1600
2020-10-22 10:05:00,5.5101,5.5101,5.5101,5.5101,221
2020-10-22 10:01:00,5.5550,5.5550,5.5550,5.5550,100
2020-10-22 09:56:00,5.5500,5.5500,5.5500,5.5500,125
2020-10-22 09:40:00,5.5500,5.5500,5.5500,5.5500,208
2020-10-22 09:38:00,5.5500,5.5500,5.5500,5.5500,100
2020-10-22 09:37:00,5.5200,5.5200,5.4500,5.4500,8320
2020-10-22 09:36:00,5.5900,5.5900,5.5900,5.5900,100
2020-10-22 09:31:00,5.5900,5.5900,5.5900,5.5900,1859
2020-10-22 09:01:00,5.9999,6.0000,5.9999,6.0000,500
2020-10-22 08:01:00,5.1000,5.1000,5.1000,5.1000,733
2020-10-21 16:00:00,5.5900,5.6300,5.5900,5.6100,5882
2020-10-21 15:59:00,5.6200,5.6200,5.6200,5.6200,508
2020-10-21 15:57:00,5.6200,5.6200,5.6200,5.6200,226
2020-10-21 15:55:00,5.6500,5.6500,5.5900,5.5900,1080
2020-10-21 15:54:00,5.5900,5.6500,5.5900,5.6500,9566
2020-10-21 15:53:00,5.5900,5.6085,5.5900,5.6085,450
2020-10-21 15:52:00,5.6000,5.6000,5.6000,5.6000,100
2020-10-21 15:51:00,5.6500,5.6500,5.6100,5.6200,2219
2020-10-21 15:49:00,5.6650,5.6650,5.6650,5.6650,278
2020-10-21 15:48:00,5.6800,5.6800,5.6650,5.6650,200
2020-10-21 15:47:00,5.6915,5.6915,5.6600,5.6783,2470
2020-10-21 15:45:00,5.6600,5.6600,5.6600,5.6600,100
2020-10-21 15:40:00,5.7100,5.7100,5.7100,5.7100,186
2020-10-21 15:39:00,5.6841,5.6841,5.6841,5.6841,265
2020-10-21 15:34:00,5.6600,5.6600,5.6600,5.6600,102
2020-10-21 15:31:00,5.7000,5.7000,5.6900,5.6900,400
2020-10-21 15:07:00,5.6900,5.6900,5.6900,5.6900,200
2020-10-21 15:06:00,5.7400,5.7400,5.7400,5.7400,200
2020-10-21 15:00:00,5.7099,5.7100,5.7099,5.7100,2720
2020-10-21 14:51:00,5.7100,5.7100,5.7100,5.7100,100
2020-10-21 14:44:00,5.6900,5.6900,5.6900,5.6900,182
2020-10-21 14:39:00,5.7000,5.7000,5.7000,5.7000,104
2020-10-21 14:33:00,5.7100,5.7100,5.7100,5.7100,300
2020-10-21 14:31:00,5.6897,5.6897,5.6897,5.6897,1700
2020-10-21 14:29:00,5.6900,5.6900,5.6900,5.6900,419
2020-10-21 14:07:00,5.6800,5.7100,5.6800,5.7100,227
2020-10-21 14:01:00,5.7100,5.7100,5.7100,5.7100,100
2020-10-21 13:49:00,5.6960,5.6960,5.6960,5.6960,500
2020-10-21 13:48:00,5.7200,5.7200,5.7000,5.7000,303
2020-10-21 13:43:00,5.6825,5.6825,5.6825,5.6825,400
2020-10-21 13:38:00,5.7100,5.7100,5.7100,5.7100,100
2020-10-21 13:36:00,5.7000,5.7000,5.7000,5.7000,362
2020-10-21 13:35:00,5.6900,5.7000,5.6900,5.7000,800
2020-10-21 13:30:00,5.6600,5.6600,5.6600,5.6600,200
2020-10-21 13:25:00,5.6900,5.6900,5.6900,5.6900,200
2020-10-21 13:23:00,5.6766,5.6766,5.6766,5.6766,500
2020-10-21 13:17:00,5.6800,5.6800,5.6800,5.6800,100
2020-10-21 13:16:00,5.6548,5.6548,5.6500,5.6500,726
2020-10-21 13:10:00,5.6800,5.6800,5.6800,5.6800,101
2020-10-21 13:06:00,5.6400,5.6700,5.6400,5.6700,1406
2020-10-21 13:05:00,5.6400,5.6400,5.6400,5.6400,170
2020-10-21 13:03:00,5.6215,5.6215,5.6215,5.6215,700
2020-10-21 13:00:00,5.6400,5.6400,5.6400,5.6400,200
2020-10-21 12:59:00,5.6400,5.6400,5.6400,5.6400,205
2020-10-21 12:58:00,5.6400,5.6400,5.6400,5.6400,101
2020-10-21 12:57:00,5.6400,5.6400,5.6400,5.6400,100
2020-10-21 12:56:00,5.6400,5.6400,5.6400,5.6400,100
2020-10-21 12:55:00,5.6400,5.6400,5.6400,5.6400,100
2020-10-21 12:54:00,5.6400,5.6400,5.6400,5.6400,204
2020-10-21 12:53:00,5.6200,5.6200,5.6200,5.6200,100
2020-10-21 12:52:00,5.6100,5.6100,5.6100,5.6100,200
2020-10-21 12:50:00,5.6000,5.6000,5.6000,5.6000,100
2020-10-21 12:49:00,5.5912,5.5912,5.5912,5.5912,200
2020-10-21 12:48:00,5.5601,5.5601,5.5601,5.5601,1500
2020-10-21 12:47:00,5.6000,5.6000,5.6000,5.6000,316
2020-10-21 12:46:00,5.6000,5.6000,5.6000,5.6000,100
2020-10-21 12:43:00,5.5900,5.5900,5.5700,5.5700,1100
2020-10-21 12:42:00,5.6000,5.6000,5.6000,5.6000,100
2020-10-21 12:40:00,5.6000,5.6000,5.6000,5.6000,100
2020-10-21 12:39:00,5.6100,5.6100,5.6100,5.6100,426
2020-10-21 12:37:00,5.6200,5.6200,5.6200,5.6200,200
2020-10-21 12:34:00,5.6300,5.6300,5.6200,5.6300,1277
2020-10-21 12:33:00,5.6200,5.6300,5.6200,5.6300,200
2020-10-21 12:32:00,5.6200,5.6300,5.6200,5.6300,200
2020-10-21 12:31:00,5.6300,5.6300,5.6200,5.6200,200
2020-10-21 12:30:00,5.6400,5.6400,5.6400,5.6400,200
2020-10-21 12:28:00,5.6250,5.6400,5.6250,5.6300,312
2020-10-21 12:27:00,5.6500,5.6500,5.6500,5.6500,100
2020-10-21 12:26:00,5.6400,5.6400,5.6400,5.6400,215
2020-10-21 12:25:00,5.6400,5.6500,5.6400,5.6500,502
2020-10-21 12:24:00,5.6400,5.6400,5.6000,5.6000,401
2020-10-21 12:23:00,5.6100,5.6100,5.6100,5.6100,202
2020-10-21 12:22:00,5.6000,5.6000,5.6000,5.6000,100
2020-10-21 12:21:00,5.5900,5.6300,5.5900,5.6000,623
2020-10-21 12:19:00,5.5900,5.5900,5.5900,5.5900,338
2020-10-21 12:17:00,5.5649,5.5649,5.5649,5.5649,129
2020-10-21 12:16:00,5.5600,5.5700,5.5600,5.5700,201
2020-10-21 12:15:00,5.6100,5.6100,5.5300,5.5300,4607
2020-10-21 12:10:00,5.6400,5.6400,5.6400,5.6400,102
2020-10-21 12:06:00,5.6400,5.6400,5.6400,5.6400,100
2020-10-21 12:05:00,5.6200,5.6200,5.5876,5.5876,559
2020-10-21 12:04:00,5.6200,5.6200,5.6200,5.6200,1200
2020-10-21 12:03:00,5.6000,5.6000,5.6000,5.6000,225
2020-10-21 12:02:00,5.6100,5.6100,5.6100,5.6100,101
2020-10-21 11:52:00,5.6100,5.6100,5.6100,5.6100,100
2020-10-21 11:50:00,5.5900,5.5900,5.5900,5.5900,200
2020-10-21 11:49:00,5.6300,5.6300,5.6300,5.6300,100
2020-10-21 11:48:00,5.6300,5.6300,5.6300,5.6300,359
2020-10-21 11:45:00,5.6300,5.6300,5.6300,5.6300,100
2020-10-21 11:43:00,5.6400,5.6400,5.6300,5.6300,201
2020-10-21 11:42:00,5.6150,5.6150,5.6150,5.6150,675
2020-10-21 11:36:00,5.6500,5.6500,5.6500,5.6500,118
2020-10-21 11:34:00,5.6500,5.6500,5.6500,5.6500,100
2020-10-21 11:32:00,5.6400,5.6400,5.6062,5.6062,300
2020-10-21 11:31:00,5.6400,5.6450,5.6400,5.6400,872
2020-10-21 11:30:00,5.6100,5.6400,5.6100,5.6400,930
2020-10-21 11:28:00,5.6100,5.6100,5.6100,5.6100,100
2020-10-21 11:25:00,5.6100,5.6100,5.6100,5.6100,215
2020-10-21 11:24:00,5.5900,5.6100,5.5900,5.6100,700
2020-10-21 11:23:00,5.5750,5.5800,5.5750,5.5750,300
2020-10-21 11:21:00,5.6300,5.6300,5.5801,5.5801,3058
2020-10-21 11:19:00,5.6800,5.6800,5.6800,5.6800,100
2020-10-21 11:18:00,5.6700,5.6700,5.6700,5.6700,100
2020-10-21 11:15:00,5.6600,5.6600,5.6600,5.6600,100
2020-10-21 11:14:00,5.6300,5.6300,5.6300,5.6300,200
2020-10-21 11:13:00,5.6300,5.6300,5.6300,5.6300,120
2020-10-21 11:09:00,5.6900,5.6900,5.6900,5.6900,126
2020-10-21 11:07:00,5.7015,5.7015,5.6500,5.6500,300
2020-10-21 11:04:00,5.6650,5.6650,5.6650,5.6650,200
2020-10-21 11:00:00,5.6650,5.6650,5.6650,5.6650,400
2020-10-21 10:57:00,5.6250,5.6250,5.6250,5.6250,100
2020-10-21 10:52:00,5.6700,5.6700,5.6700,5.6700,200
2020-10-21 10:37:00,5.6800,5.6800,5.6800,5.6800,200
2020-10-21 10:36:00,5.6800,5.6800,5.6800,5.6800,105
2020-10-21 10:28:00,5.6800,5.6800,5.6800,5.6800,107
2020-10-21 10:27:00,5.6700,5.6700,5.6700,5.6700,100
2020-10-21 10:25:00,5.6050,5.6050,5.6050,5.6050,100
2020-10-21 10:20:00,5.6576,5.6576,5.6576,5.6576,247
2020-10-21 10:08:00,5.6200,5.6200,5.6100,5.6155,1368
2020-10-21 10:07:00,5.6150,5.6150,5.6150,5.6150,100
2020-10-21 10:04:00,5.6500,5.6500,5.6500,5.6500,100
2020-10-21 09:57:00,5.6400,5.6400,5.6260,5.6260,602
2020-10-21 09:54:00,5.6200,5.6200,5.6000,5.6000,440
2020-10-21 09:52:00,5.6400,5.6400,5.6000,5.6000,203
2020-10-21 09:46:00,5.7100,5.7100,5.7100,5.7100,100
2020-10-21 09:45:00,5.7100,5.7100,5.7100,5.7100,110
2020-10-21 09:43:00,5.7050,5.7050,5.7050,5.7050,100
2020-10-21 09:41:00,5.6500,5.6500,5.6360,5.6360,331
2020-10-21 09:40:00,5.6985,5.6985,5.6500,5.6500,1040
2020-10-21 09:38:00,5.7100,5.7157,5.7000,5.7157,3350
2020-10-21 09:34:00,5.7600,5.7600,5.7600,5.7600,100
2020-10-21 09:31:00,5.6400,5.7250,5.6400,5.7250,1760
2020-10-21 08:25:00,5.6001,5.6001,5.6001,5.6001,3700
2020-10-21 08:01:00,5.6500,5.6500,5.6500,5.6500,180
2020-10-20 16:00:00,5.6300,5.6900,5.6300,5.6500,1032
2020-10-20 15:59:00,5.6300,5.6800,5.6300,5.6800,2334
2020-10-20 15:58:00,5.6500,5.6786,5.6500,5.6500,600
2020-10-20 15:57:00,5.6500,5.6500,5.6500,5.6500,500
2020-10-20 15:56:00,5.6600,5.6600,5.6600,5.6600,200
2020-10-20 15:55:00,5.6500,5.6700,5.6500,5.6700,500
2020-10-20 15:54:00,5.6700,5.6700,5.6600,5.6600,1388
2020-10-20 15:53:00,5.6600,5.6600,5.6600,5.6600,200
2020-10-20 15:52:00,5.6600,5.6600,5.6600,5.6600,300
2020-10-20 15:51:00,5.6640,5.6640,5.6640,5.6640,358
2020-10-20 15:50:00,5.6600,5.6600,5.6600,5.6600,505
2020-10-20 15:48:00,5.6100,5.6100,5.6100,5.6100,100
2020-10-20 15:47:00,5.6100,5.6100,5.6100,5.6100,500
2020-10-20 15:46:00,5.6100,5.6100,5.6100,5.6100,510
2020-10-20 15:45:00,5.6650,5.6650,5.6400,5.6400,700
2020-10-20 15:44:00,5.6500,5.6500,5.6500,5.6500,100
2020-10-20 15:43:00,5.6459,5.6459,5.6459,5.6459,101
2020-10-20 15:42:00,5.6300,5.6600,5.6300,5.6600,1186
2020-10-20 15:41:00,5.6200,5.6300,5.6200,5.6300,1216
2020-10-20 15:40:00,5.6100,5.6100,5.6100,5.6100,454
2020-10-20 15:39:00,5.6100,5.6100,5.6100,5.6100,216
2020-10-20 15:38:00,5.6250,5.6250,5.6250,5.6250,100
2020-10-20 15:36:00,5.6750,5.6750,5.6600,5.6600,627
2020-10-20 15:32:00,5.6800,5.6800,5.6800,5.6800,394
2020-10-20 15:29:00,5.6800,5.7200,5.6700,5.6900,1525
2020-10-20 15:24:00,5.6700,5.6700,5.6700,5.6700,500
2020-10-20 15:20:00,5.6700,5.6700,5.6600,5.6600,400
2020-10-20 15:15:00,5.6700,5.6700,5.6700,5.6700,109
2020-10-20 15:14:00,5.6400,5.6600,5.6400,5.6600,1830
2020-10-20 15:12:00,5.6400,5.6400,5.6400,5.6400,250
2020-10-20 15:11:00,5.6200,5.6600,5.6200,5.6600,1285
2020-10-20 15:09:00,5.6350,5.6350,5.6100,5.6100,311
2020-10-20 15:05:00,5.6100,5.6100,5.6100,5.6100,300
2020-10-20 15:01:00,5.6200,5.6200,5.6200,5.6200,400
2020-10-20 14:58:00,5.6600,5.6600,5.6600,5.6600,160
2020-10-20 14:57:00,5.6350,5.6350,5.6350,5.6350,100
2020-10-20 14:56:00,5.6400,5.6587,5.6400,5.6587,2161
2020-10-20 14:55:00,5.6100,5.6100,5.6100,5.6100,200
2020-10-20 14:51:00,5.6100,5.6100,5.6100,5.6100,100
2020-10-20 14:50:00,5.6400,5.6400,5.6400,5.6400,302
2020-10-20 14:49:00,5.6400,5.6400,5.6400,5.6400,100
2020-10-20 14:47:00,5.6300,5.6300,5.6300,5.6300,500
2020-10-20 14:45:00,5.6200,5.6200,5.6000,5.6150,883
2020-10-20 14:42:00,5.6000,5.6000,5.6000,5.6000,1000
2020-10-20 14:40:00,5.6000,5.6000,5.6000,5.6000,300
2020-10-20 14:38:00,5.6000,5.6000,5.6000,5.6000,200
2020-10-20 14:36:00,5.6200,5.6200,5.6000,5.6000,200
2020-10-20 14:35:00,5.6400,5.6400,5.6200,5.6200,400
2020-10-20 14:32:00,5.6000,5.6000,5.6000,5.6000,200
2020-10-20 14:31:00,5.6270,5.6270,5.6270,5.6270,250
2020-10-20 14:30:00,5.6100,5.6100,5.6000,5.6000,584
2020-10-20 14:28:00,5.6100,5.6100,5.6100,5.6100,250
2020-10-20 14:26:00,5.6100,5.6100,5.6100,5.6100,302
2020-10-20 14:24:00,5.6400,5.6400,5.6100,5.6100,302
2020-10-20 14:20:00,5.6300,5.6300,5.6300,5.6300,400
2020-10-20 14:19:00,5.6300,5.6300,5.6300,5.6300,302
2020-10-20 14:16:00,5.6200,5.6200,5.6100,5.6100,200
2020-10-20 14:13:00,5.6450,5.6450,5.6450,5.6450,100
2020-10-20 14:11:00,5.6100,5.6100,5.6100,5.6100,100
2020-10-20 14:10:00,5.6100,5.6100,5.6100,5.6100,500
2020-10-20 14:06:00,5.6500,5.6800,5.6500,5.6800,1410
2020-10-20 14:04:00,5.6500,5.6500,5.6500,5.6500,100
2020-10-20 14:03:00,5.6650,5.6650,5.6650,5.6650,100
2020-10-20 14:02:00,5.6650,5.6650,5.6650,5.6650,120
2020-10-20 13:53:00,5.6500,5.6500,5.6500,5.6500,261
2020-10-20 13:51:00,5.6600,5.6600,5.6600,5.6600,901
2020-10-20 13:50:00,5.6800,5.6800,5.6800,5.6800,451
2020-10-20 13:49:00,5.6500,5.6500,5.6500,5.6500,100
2020-10-20 13:47:00,5.6298,5.6300,5.6298,5.6299,1690
2020-10-20 13:45:00,5.6150,5.6150,5.6150,5.6150,100
2020-10-20 13:44:00,5.6200,5.6200,5.6200,5.6200,100
2020-10-20 13:43:00,5.6100,5.6100,5.6100,5.6100,100
2020-10-20 13:41:00,5.6250,5.6250,5.6100,5.6100,600
2020-10-20 13:35:00,5.6400,5.6400,5.6400,5.6400,201
2020-10-20 13:34:00,5.6300,5.6300,5.6300,5.6300,160
2020-10-20 13:33:00,5.6400,5.6400,5.6400,5.6400,200
2020-10-20 13:30:00,5.6750,5.6750,5.6350,5.6500,1008
2020-10-20 13:29:00,5.6900,5.6900,5.6900,5.6900,100
2020-10-20 13:28:00,5.6800,5.6800,5.6800,5.6800,100
2020-10-20 13:26:00,5.6800,5.6800,5.6800,5.6800,100
2020-10-20 13:23:00,5.7400,5.7400,5.6900,5.6900,979
2020-10-20 13:22:00,5.7400,5.7400,5.7400,5.7400,100
2020-10-20 13:21:00,5.7250,5.7500,5.7000,5.7000,2306
2020-10-20 13:20:00,5.7500,5.7500,5.7500,5.7500,100
2020-10-20 13:19:00,5.7500,5.7500,5.7250,5.7250,301
2020-10-20 13:18:00,5.7250,5.7250,5.7250,5.7250,133
2020-10-20 13:17:00,5.7500,5.7500,5.7500,5.7500,101
2020-10-20 13:15:00,5.7500,5.7500,5.7500,5.7500,102
2020-10-20 13:14:00,5.7250,5.7250,5.7250,5.7250,100
2020-10-20 13:13:00,5.7084,5.7400,5.7084,5.7400,350
2020-10-20 13:12:00,5.7500,5.7500,5.7500,5.7500,100
2020-10-20 13:11:00,5.7500,5.7500,5.7100,5.7100,200
2020-10-20 13:10:00,5.7250,5.7250,5.7250,5.7250,100
2020-10-20 13:09:00,5.7500,5.7500,5.7500,5.7500,100
2020-10-20 13:08:00,5.7050,5.7500,5.7050,5.7376,1225
2020-10-20 13:07:00,5.7050,5.7050,5.7050,5.7050,101
2020-10-20 13:05:00,5.7100,5.7100,5.7100,5.7100,150
2020-10-20 13:04:00,5.6950,5.6950,5.6950,5.6950,200
2020-10-20 13:03:00,5.7000,5.7000,5.7000,5.7000,100
2020-10-20 13:02:00,5.6800,5.6800,5.6800,5.6800,100
2020-10-20 13:01:00,5.6800,5.6800,5.6750,5.6750,257
2020-10-20 13:00:00,5.6700,5.6700,5.6700,5.6700,205
2020-10-20 12:59:00,5.6650,5.6700,5.6650,5.6700,1016
2020-10-20 12:57:00,5.6700,5.6700,5.6700,5.6700,103
2020-10-20 12:55:00,5.6600,5.6600,5.6600,5.6600,100
2020-10-20 12:53:00,5.6550,5.6550,5.6400,5.6400,404
2020-10-20 12:50:00,5.6700,5.6700,5.6700,5.6700,107
2020-10-20 12:47:00,5.6500,5.6500,5.6500,5.6500,100
2020-10-20 12:44:00,5.6550,5.6550,5.6550,5.6550,100
2020-10-20 12:43:00,5.6900,5.6998,5.6550,5.6550,993
2020-10-20 12:42:00,5.6800,5.7000,5.6800,5.7000,2900
2020-10-20 12:41:00,5.6700,5.6700,5.6700,5.6700,200
2020-10-20 12:40:00,5.6709,5.6709,5.6700,5.6700,200
2020-10-20 12:39:00,5.6500,5.6700,5.6500,5.6700,633
2020-10-20 12:38:00,5.6500,5.6500,5.6500,5.6500,100
2020-10-20 12:34:00,5.6600,5.6600,5.6300,5.6300,200
2020-10-20 12:32:00,5.6200,5.6600,5.6200,5.6600,200
2020-10-20 12:31:00,5.6600,5.6600,5.6200,5.6200,221
2020-10-20 12:30:00,5.6100,5.6100,5.5990,5.6100,700
2020-10-20 12:29:00,5.5900,5.6300,5.5900,5.6100,483
2020-10-20 12:26:00,5.6300,5.6300,5.5700,5.6200,5354
2020-10-20 12:25:00,5.6233,5.6500,5.6233,5.6500,1260
2020-10-20 12:24:00,5.6500,5.6500,5.6500,5.6500,100
2020-10-20 12:22:00,5.6300,5.6800,5.6300,5.6800,1102
2020-10-20 12:20:00,5.6500,5.6500,5.6500,5.6500,751
2020-10-20 12:19:00,5.6500,5.6500,5.6500,5.6500,1681
2020-10-20 12:18:00,5.6800,5.6800,5.6800,5.6800,500
2020-10-20 12:17:00,5.6750,5.6750,5.6500,5.6650,2700
2020-10-20 12:16:00,5.6500,5.6500,5.6500,5.6500,200
2020-10-20 12:14:00,5.7150,5.7150,5.6800,5.6800,1009
2020-10-20 12:13:00,5.7150,5.7150,5.7150,5.7150,100
2020-10-20 12:12:00,5.7150,5.7150,5.7000,5.7150,400
2020-10-20 12:10:00,5.7150,5.7150,5.7150,5.7150,100
2020-10-20 12:08:00,5.7150,5.7400,5.7150,5.7400,300
2020-10-20 12:07:00,5.7050,5.7050,5.7050,5.7050,200
2020-10-20 12:06:00,5.6850,5.7400,5.6850,5.7050,10410
2020-10-20 12:05:00,5.6850,5.6850,5.6850,5.6850,100
2020-10-20 12:03:00,5.6800,5.6850,5.6800,5.6850,425
2020-10-20 12:02:00,5.6500,5.6700,5.6500,5.6500,1498
2020-10-20 12:01:00,5.6700,5.6700,5.6450,5.6450,213
2020-10-20 11:59:00,5.6700,5.6700,5.6450,5.6450,1520
2020-10-20 11:58:00,5.6800,5.6800,5.6800,5.6800,500
2020-10-20 11:57:00,5.6800,5.6800,5.6800,5.6800,104
2020-10-20 11:56:00,5.6900,5.6900,5.6200,5.6600,11109
2020-10-20 11:55:00,5.7100,5.7100,5.6900,5.6900,1494
2020-10-20 11:54:00,5.7042,5.7042,5.7042,5.7042,5000
2020-10-20 11:48:00,5.6900,5.6900,5.6900,5.6900,190
2020-10-20 11:46:00,5.7300,5.7300,5.6900,5.6900,1009
2020-10-20 11:43:00,5.7650,5.7650,5.7650,5.7650,110
2020-10-20 11:35:00,5.7650,5.7650,5.7650,5.7650,200
2020-10-20 11:33:00,5.7700,5.7700,5.7200,5.7200,1150
2020-10-20 11:30:00,5.7950,5.7950,5.7950,5.7950,269
2020-10-20 11:26:00,5.8000,5.8200,5.7500,5.7500,2780
2020-10-20 11:25:00,5.7650,5.8000,5.7650,5.8000,1483
2020-10-20 11:24:00,5.7450,5.7650,5.7450,5.7650,1299
2020-10-20 11:22:00,5.7250,5.7400,5.7250,5.7300,1641
2020-10-20 11:21:00,5.7200,5.7300,5.7150,5.7200,2123
2020-10-20 11:13:00,5.7000,5.7050,5.7000,5.7050,1127
2020-10-20 11:04:00,5.6900,5.6900,5.6900,5.6900,100
2020-10-20 11:03:00,5.7000,5.7000,5.7000,5.7000,902
2020-10-20 10:59:00,5.7500,5.7500,5.7500,5.7500,460
2020-10-20 10:58:00,5.7600,5.7600,5.7600,5.7600,103
2020-10-20 10:56:00,5.7500,5.7500,5.7500,5.7500,100
2020-10-20 10:49:00,5.7500,5.7500,5.7500,5.7500,102
2020-10-20 10:46:00,5.7500,5.7667,5.7500,5.7500,1205
2020-10-20 10:43:00,5.8000,5.8000,5.7500,5.7500,8649
2020-10-20 10:36:00,5.8000,5.8000,5.7800,5.7835,600
2020-10-20 10:32:00,5.8100,5.8100,5.8100,5.8100,601
2020-10-20 10:31:00,5.8372,5.8372,5.8200,5.8200,3721
2020-10-20 10:30:00,5.8200,5.8200,5.8200,5.8200,1000
2020-10-20 10:25:00,5.8400,5.8400,5.8400,5.8400,310
2020-10-20 10:24:00,5.8800,5.8800,5.8800,5.8800,100
2020-10-20 10:21:00,5.8800,5.8800,5.8800,5.8800,820
2020-10-20 10:20:00,5.8400,5.8800,5.8400,5.8800,300
2020-10-20 10:15:00,5.8300,5.8300,5.8300,5.8300,634
2020-10-20 10:14:00,5.8000,5.8300,5.8000,5.8300,895
2020-10-20 10:13:00,5.8100,5.8100,5.8100,5.8100,109
2020-10-20 10:10:00,5.8300,5.8300,5.7700,5.8000,10016
2020-10-20 10:09:00,5.8100,5.8100,5.8100,5.8100,212
2020-10-20 10:08:00,5.8000,5.8027,5.8000,5.8000,6574
2020-10-20 10:06:00,5.8133,5.8133,5.8133,5.8133,542
2020-10-20 10:05:00,5.8200,5.8200,5.8200,5.8200,300
2020-10-20 09:59:00,5.8100,5.8100,5.8100,5.8100,100
2020-10-20 09:57:00,5.7950,5.7950,5.7950,5.7950,103
2020-10-20 09:56:00,5.8300,5.8300,5.8100,5.8100,371
2020-10-20 09:50:00,5.8600,5.8600,5.8600,5.8600,101
2020-10-20 09:48:00,5.8600,5.8600,5.8600,5.8600,101
2020-10-20 09:47:00,5.8800,5.8800,5.8700,5.8701,2156
2020-10-20 09:43:00,5.8900,5.8900,5.8900,5.8900,500
2020-10-20 09:42:00,5.8900,5.8900,5.8900,5.8900,171
2020-10-20 09:35:00,5.9300,5.9300,5.9300,5.9300,200
2020-10-20 09:34:00,5.9100,5.9100,5.9000,5.9000,5149
2020-10-20 09:31:00,5.9100,5.9100,5.9100,5.9100,1721
2020-10-19 17:07:00,5.8800,5.8800,5.8800,5.8800,3500
2020-10-19 17:06:00,6.1800,6.1800,6.1800,6.1800,3500
2020-10-19 16:31:00,5.8800,5.8800,5.8800,5.8800,3506
2020-10-19 16:27:00,6.3700,6.3700,6.3700,6.3700,3500
2020-10-19 16:00:00,5.8500,5.8800,5.8500,5.8800,2271
2020-10-19 15:59:00,5.8700,5.8700,5.8400,5.8400,1293
2020-10-19 15:58:00,5.8400,5.8700,5.8400,5.8700,2528
2020-10-19 15:56:00,5.8350,5.8600,5.8350,5.8600,316
2020-10-19 15:53:00,5.8500,5.8500,5.8301,5.8301,1984
2020-10-19 15:52:00,5.8500,5.8500,5.8500,5.8500,485
2020-10-19 15:51:00,5.8500,5.8500,5.8500,5.8500,283
2020-10-19 15:49:00,5.8550,5.8550,5.8550,5.8550,194
2020-10-19 15:47:00,5.8800,5.8800,5.8800,5.8800,120
2020-10-19 15:46:00,5.8800,5.8800,5.8800,5.8800,172
2020-10-19 15:43:00,5.8700,5.8700,5.8700,5.8700,721
2020-10-19 15:42:00,5.8700,5.8700,5.8700,5.8700,210
2020-10-19 15:41:00,5.8650,5.8700,5.8650,5.8700,718
2020-10-19 15:37:00,5.8500,5.8500,5.8500,5.8500,211
2020-10-19 15:35:00,5.8600,5.8600,5.8600,5.8600,127
2020-10-19 15:33:00,5.8800,5.8800,5.8800,5.8800,110
2020-10-19 15:30:00,5.8300,5.8300,5.8300,5.8300,270
2020-10-19 15:29:00,5.8300,5.8300,5.8300,5.8300,100
2020-10-19 15:27:00,5.8300,5.8300,5.8300,5.8300,173
2020-10-19 15:26:00,5.8300,5.8300,5.8300,5.8300,120
2020-10-19 15:25:00,5.8300,5.8300,5.8300,5.8300,120
2020-10-19 15:24:00,5.8300,5.8300,5.8300,5.8300,110
2020-10-19 15:22:00,5.8400,5.8400,5.8400,5.8400,200
2020-10-19 15:21:00,5.8400,5.8500,5.8400,5.8500,600
2020-10-19 15:19:00,5.8300,5.8400,5.8300,5.8400,200
2020-10-19 15:18:00,5.8400,5.8400,5.8100,5.8400,310
2020-10-19 15:16:00,5.8600,5.8700,5.8600,5.8700,1567
2020-10-19 15:15:00,5.8100,5.8100,5.8000,5.8000,300
2020-10-19 15:14:00,5.8350,5.8350,5.8350,5.8350,100
2020-10-19 15:13:00,5.9000,5.9000,5.8500,5.8500,6216
2020-10-19 15:11:00,5.9000,5.9000,5.9000,5.9000,110
2020-10-19 15:09:00,5.9000,5.9000,5.9000,5.9000,210
2020-10-19 15:08:00,5.9000,5.9000,5.9000,5.9000,880
2020-10-19 15:05:00,5.9000,5.9200,5.9000,5.9000,2687
2020-10-19 15:04:00,5.9000,5.9000,5.9000,5.9000,100
2020-10-19 15:03:00,5.9000,5.9375,5.9000,5.9375,350
2020-10-19 15:01:00,5.9700,5.9700,5.9700,5.9700,694
2020-10-19 14:59:00,5.9800,5.9800,5.9800,5.9800,101
2020-10-19 14:56:00,5.9850,5.9850,5.9850,5.9850,110
2020-10-19 14:54:00,5.9700,5.9700,5.9700,5.9700,160
2020-10-19 14:52:00,5.9700,6.0700,5.9700,6.0700,281
2020-10-19 14:49:00,5.9900,5.9900,5.9900,5.9900,100
2020-10-19 14:48:00,6.0700,6.0700,6.0700,6.0700,110
2020-10-19 14:47:00,5.9900,5.9900,5.9900,5.9900,100
2020-10-19 14:46:00,5.9900,5.9900,5.9900,5.9900,100
2020-10-19 14:45:00,6.0800,6.0800,6.0800,6.0800,110
2020-10-19 14:43:00,6.0300,6.0800,6.0250,6.0250,3821
2020-10-19 14:39:00,6.0300,6.0300,6.0300,6.0300,164
2020-10-19 14:31:00,5.9800,5.9800,5.9800,5.9800,140
2020-10-19 14:22:00,6.0400,6.0400,6.0400,6.0400,100
2020-10-19 14:09:00,5.9200,5.9200,5.9200,5.9200,100
2020-10-19 14:08:00,5.9000,5.9100,5.9000,5.9100,1517
2020-10-19 14:06:00,5.8780,5.9000,5.8780,5.9000,1968
2020-10-19 14:04:00,5.8800,5.8800,5.8800,5.8800,700
2020-10-19 14:03:00,5.9000,5.9000,5.8800,5.9000,2041
2020-10-19 14:01:00,5.9100,5.9100,5.9100,5.9100,211
2020-10-19 13:59:00,5.9000,5.9000,5.9000,5.9000,218
2020-10-19 13:58:00,5.9500,5.9500,5.9300,5.9300,1359
2020-10-19 13:54:00,5.9600,5.9650,5.9600,5.9650,260
2020-10-19 13:46:00,6.0000,6.0000,6.0000,6.0000,622
2020-10-19 13:45:00,5.9900,5.9900,5.9900,5.9900,110
2020-10-19 13:40:00,5.9850,5.9850,5.9850,5.9850,200
2020-10-19 13:30:00,6.0100,6.0100,5.9900,5.9900,1287
2020-10-19 13:22:00,6.0439,6.0439,6.0439,6.0439,410
2020-10-19 13:19:00,6.0200,6.0500,6.0200,6.0500,300
2020-10-19 13:11:00,5.9986,5.9986,5.9986,5.9986,229
2020-10-19 13:05:00,6.0200,6.0200,5.9900,5.9900,201
2020-10-19 12:46:00,5.9655,5.9655,5.9655,5.9655,1534
2020-10-19 12:40:00,5.9900,5.9900,5.9900,5.9900,527
2020-10-19 12:24:00,5.9700,5.9700,5.9700,5.9700,111
2020-10-19 12:14:00,5.9550,5.9550,5.9550,5.9550,200
2020-10-19 12:09:00,5.9700,5.9700,5.9700,5.9700,105
2020-10-19 12:08:00,5.9500,5.9500,5.9500,5.9500,163
2020-10-19 12:07:00,5.9700,5.9700,5.9700,5.9700,223
2020-10-19 12:01:00,6.0200,6.0200,6.0200,6.0200,100
2020-10-19 11:51:00,6.0033,6.0200,6.0033,6.0200,262
2020-10-19 11:46:00,6.0000,6.0000,6.0000,6.0000,122
2020-10-19 11:44:00,5.9400,5.9400,5.9400,5.9400,200
2020-10-19 11:40:00,5.9993,5.9993,5.9993,5.9993,501
2020-10-19 11:34:00,6.0737,6.0737,6.0737,6.0737,1100
2020-10-19 11:33:00,6.0280,6.0280,6.0280,6.0280,1003
2020-10-19 11:28:00,6.0350,6.0350,6.0350,6.0350,150
2020-10-19 11:19:00,6.0950,6.0950,6.0950,6.0950,301
2020-10-19 11:14:00,6.0000,6.0000,6.0000,6.0000,278
2020-10-19 11:07:00,6.0200,6.0200,6.0200,6.0200,200
2020-10-19 10:47:00,6.0714,6.0714,6.0714,6.0714,200
2020-10-19 10:45:00,6.0225,6.0225,6.0225,6.0225,801
2020-10-19 10:43:00,6.0600,6.0600,6.0500,6.0500,250
2020-10-19 10:42:00,6.0500,6.0500,6.0500,6.0500,110
2020-10-19 10:38:00,6.1300,6.1300,6.1300,6.1300,100
2020-10-19 10:34:00,6.1100,6.1167,6.0800,6.1000,4453
2020-10-19 10:30:00,6.1400,6.1400,6.1400,6.1400,100
2020-10-19 10:28:00,6.1100,6.1400,6.1100,6.1400,1160
2020-10-19 10:26:00,6.1400,6.1400,6.1400,6.1400,126
2020-10-19 10:25:00,6.1400,6.1400,6.1400,6.1400,125
2020-10-19 10:24:00,6.1100,6.1100,6.1100,6.1100,112
2020-10-19 10:21:00,6.1300,6.1300,6.1300,6.1300,100
2020-10-19 10:20:00,6.1300,6.1300,6.1300,6.1300,1094
2020-10-19 10:19:00,6.1300,6.1300,6.1200,6.1200,2043
2020-10-19 10:17:00,6.0401,6.0850,6.0400,6.0400,1694
2020-10-19 10:16:00,6.1300,6.1300,6.1300,6.1300,100
2020-10-19 10:15:00,6.0400,6.0400,6.0400,6.0400,300
2020-10-19 10:14:00,6.0900,6.1300,6.0900,6.1300,7991
2020-10-19 10:13:00,6.0900,6.0900,6.0463,6.0463,907
2020-10-19 10:09:00,5.9900,5.9900,5.9900,5.9900,100
2020-10-19 10:07:00,5.9300,5.9300,5.9300,5.9300,300
2020-10-19 10:06:00,5.9300,5.9300,5.9300,5.9300,3699
2020-10-19 10:04:00,5.9000,5.9100,5.9000,5.9100,518
2020-10-19 10:02:00,5.9100,5.9100,5.9100,5.9100,200
2020-10-19 10:01:00,5.9100,5.9250,5.9100,5.9250,1101
2020-10-19 09:59:00,5.9800,5.9800,5.9000,5.9100,1894
2020-10-19 09:46:00,5.9750,5.9750,5.9750,5.9750,500
2020-10-19 09:45:00,5.9752,5.9752,5.9752,5.9752,206
2020-10-19 09:41:00,6.0200,6.0399,5.9501,5.9501,2990
2020-10-19 09:39:00,6.0300,6.0300,6.0300,6.0300,100
2020-10-19 09:34:00,6.1000,6.1000,6.0000,6.0001,721
2020-10-19 09:33:00,6.1000,6.1000,6.1000,6.1000,139
2020-10-19 09:31:00,6.1500,6.1500,6.1500,6.1500,2648
2020-10-19 09:07:00,6.1000,6.1000,6.1000,6.1000,100
2020-10-19 09:01:00,6.1005,6.1005,6.1005,6.1005,340
2020-10-19 08:01:00,6.1001,6.1004,6.1001,6.1004,1630
2020-10-16 16:31:00,6.1000,6.1000,6.1000,6.1000,130
2020-10-16 16:00:00,6.1600,6.1600,6.1100,6.1100,1081
2020-10-16 15:59:00,6.1600,6.1600,6.1400,6.1600,606
2020-10-16 15:58:00,6.1642,6.1900,6.1642,6.1900,1066
2020-10-16 15:57:00,6.1600,6.1800,6.1600,6.1700,3370
2020-10-16 15:56:00,6.1500,6.1600,6.1400,6.1427,2374
2020-10-16 15:55:00,6.1600,6.1600,6.1599,6.1599,380
2020-10-16 15:52:00,6.1400,6.1600,6.1400,6.1600,413
2020-10-16 15:50:00,6.1200,6.1300,6.1200,6.1300,291
2020-10-16 15:49:00,6.1200,6.1200,6.1200,6.1200,398
2020-10-16 15:48:00,6.1400,6.1400,6.1400,6.1400,200
2020-10-16 15:47:00,6.1393,6.1393,6.1100,6.1100,538
2020-10-16 15:46:00,6.1100,6.1400,6.1100,6.1400,2182
2020-10-16 15:44:00,6.1400,6.1400,6.1400,6.1400,500
2020-10-16 15:43:00,6.1400,6.1400,6.1400,6.1400,149
2020-10-16 15:42:00,6.1900,6.2000,6.1400,6.1400,1711
2020-10-16 15:41:00,6.2000,6.2050,6.2000,6.2050,944
2020-10-16 15:39:00,6.2300,6.2350,6.2200,6.2200,1462
2020-10-16 15:38:00,6.2000,6.2400,6.2000,6.2150,5003
2020-10-16 15:36:00,6.1900,6.1900,6.1838,6.1838,212
2020-10-16 15:32:00,6.1900,6.1900,6.1900,6.1900,809
2020-10-16 15:28:00,6.1873,6.1873,6.1873,6.1873,1071
2020-10-16 15:26:00,6.1650,6.1650,6.1650,6.1650,170
2020-10-16 15:23:00,6.1600,6.1600,6.1500,6.1500,360
2020-10-16 15:20:00,6.1450,6.1500,6.1450,6.1500,1130
2020-10-16 15:18:00,6.1460,6.1460,6.1460,6.1460,254
2020-10-16 15:16:00,6.1300,6.1300,6.1300,6.1300,216
2020-10-16 15:12:00,6.1600,6.1600,6.1600,6.1600,1108
2020-10-16 15:11:00,6.1800,6.1800,6.1700,6.1700,1107
2020-10-16 15:06:00,6.1800,6.2000,6.1800,6.2000,523
2020-10-16 15:05:00,6.1650,6.1650,6.1650,6.1650,205
2020-10-16 15:03:00,6.1650,6.1650,6.1650,6.1650,250
2020-10-16 15:02:00,6.1500,6.1500,6.1500,6.1500,586
2020-10-16 14:59:00,6.1400,6.1428,6.1400,6.1428,1100
2020-10-16 14:58:00,6.1400,6.1400,6.1400,6.1400,106
2020-10-16 14:56:00,6.1400,6.1400,6.1400,6.1400,109
2020-10-16 14:55:00,6.1400,6.1400,6.1250,6.1400,1106
2020-10-16 14:54:00,6.1000,6.1400,6.1000,6.1400,2412
2020-10-16 14:50:00,6.0850,6.0850,6.0850,6.0850,100
2020-10-16 14:46:00,6.1000,6.1000,6.1000,6.1000,100
2020-10-16 14:45:00,6.0850,6.0850,6.0850,6.0850,300
2020-10-16 14:42:00,6.0610,6.0900,6.0610,6.0900,1933
2020-10-16 14:40:00,6.0900,6.0900,6.0900,6.0900,112
2020-10-16 14:38:00,6.0800,6.0800,6.0800,6.0800,100
2020-10-16 14:34:00,6.0800,6.0800,6.0800,6.0800,109
2020-10-16 14:33:00,6.0800,6.0800,6.0800,6.0800,347
2020-10-16 14:30:00,6.0900,6.0900,6.0900,6.0900,245
2020-10-16 14:29:00,6.0515,6.0900,6.0501,6.0900,1205
2020-10-16 14:28:00,6.0598,6.0742,6.0598,6.0742,771
2020-10-16 14:27:00,6.1000,6.1000,6.1000,6.1000,822
2020-10-16 14:26:00,6.0900,6.1000,6.0900,6.1000,600
2020-10-16 14:25:00,6.0670,6.0670,6.0650,6.0650,560
2020-10-16 14:23:00,6.0800,6.0800,6.0800,6.0800,215
2020-10-16 14:20:00,6.0684,6.0684,6.0684,6.0684,588
2020-10-16 14:17:00,6.0500,6.0500,6.0500,6.0500,376
2020-10-16 14:15:00,6.0450,6.0450,6.0450,6.0450,206
2020-10-16 14:14:00,6.0300,6.0600,6.0300,6.0450,389
2020-10-16 14:13:00,6.0300,6.0500,6.0300,6.0500,1730
2020-10-16 14:12:00,6.0300,6.0500,6.0300,6.0300,451
2020-10-16 14:11:00,6.0300,6.0500,6.0300,6.0500,295
2020-10-16 14:08:00,6.0500,6.0500,6.0500,6.0500,100
2020-10-16 14:07:00,6.0350,6.0350,6.0350,6.0350,1900
2020-10-16 14:06:00,6.0600,6.0600,6.0600,6.0600,100
2020-10-16 14:05:00,6.0100,6.0350,6.0100,6.0350,600
2020-10-16 14:04:00,6.0600,6.0600,6.0100,6.0200,600
2020-10-16 14:03:00,6.0250,6.0400,6.0250,6.0400,514
2020-10-16 14:02:00,6.0100,6.0300,6.0100,6.0300,1472
2020-10-16 14:00:00,6.0000,6.0050,6.0000,6.0050,737
2020-10-16 13:58:00,6.0000,6.0000,6.0000,6.0000,460
2020-10-16 13:57:00,6.0000,6.0000,6.0000,6.0000,100
2020-10-16 13:56:00,6.0100,6.0100,6.0100,6.0100,100
2020-10-16 13:55:00,6.0100,6.0100,6.0100,6.0100,100
2020-10-16 13:54:00,6.0000,6.0000,6.0000,6.0000,1017
2020-10-16 13:53:00,5.9900,5.9901,5.9900,5.9900,850
2020-10-16 13:51:00,5.9900,5.9900,5.9900,5.9900,101
2020-10-16 13:48:00,5.9900,5.9900,5.9900,5.9900,130
2020-10-16 13:45:00,6.0140,6.0140,6.0000,6.0001,3400
2020-10-16 13:44:00,6.0100,6.0100,6.0000,6.0000,3716
2020-10-16 13:43:00,6.0122,6.0122,6.0100,6.0100,401
2020-10-16 13:42:00,6.0300,6.0300,6.0200,6.0200,4512
2020-10-16 13:41:00,6.0301,6.0350,6.0300,6.0301,820
2020-10-16 13:39:00,6.0500,6.0500,6.0500,6.0500,100
2020-10-16 13:38:00,6.0300,6.0301,6.0300,6.0300,600
2020-10-16 13:36:00,6.0300,6.0400,6.0300,6.0400,410
2020-10-16 13:35:00,6.0300,6.0300,6.0300,6.0300,101
2020-10-16 13:33:00,6.0300,6.0419,6.0300,6.0419,4781
2020-10-16 13:32:00,6.0300,6.0301,6.0300,6.0301,203
2020-10-16 13:31:00,6.0401,6.0401,6.0300,6.0300,1106
2020-10-16 13:28:00,6.0500,6.0500,6.0450,6.0450,300
2020-10-16 13:27:00,6.0600,6.0600,6.0600,6.0600,100
2020-10-16 13:26:00,6.0500,6.0600,6.0500,6.0600,212
2020-10-16 13:25:00,6.0400,6.0400,6.0400,6.0400,100
2020-10-16 13:24:00,6.0500,6.0500,6.0500,6.0500,110
2020-10-16 13:23:00,6.0400,6.0500,6.0400,6.0400,409
2020-10-16 13:21:00,6.0200,6.0300,6.0200,6.0300,605
2020-10-16 13:20:00,6.0200,6.0300,6.0200,6.0300,200
2020-10-16 13:19:00,6.0300,6.0300,6.0300,6.0300,206
2020-10-16 13:18:00,6.0050,6.0050,6.0050,6.0050,101
2020-10-16 13:17:00,6.0300,6.0300,6.0300,6.0300,114
2020-10-16 13:16:00,6.0129,6.0129,6.0129,6.0129,150
2020-10-16 13:15:00,6.0099,6.0300,6.0050,6.0050,1805
2020-10-16 13:13:00,6.0000,6.0000,6.0000,6.0000,519
2020-10-16 13:12:00,5.9900,6.0000,5.9900,6.0000,802
2020-10-16 13:11:00,5.9550,5.9897,5.9550,5.9897,5288
2020-10-16 13:10:00,5.9475,5.9475,5.9300,5.9300,600
2020-10-16 13:09:00,5.9600,5.9600,5.9600,5.9600,300
2020-10-16 13:07:00,5.9500,5.9600,5.9500,5.9600,2499
2020-10-16 13:05:00,5.9500,5.9500,5.9500,5.9500,100
2020-10-16 13:02:00,5.9380,5.9380,5.9380,5.9380,2131
2020-10-16 13:01:00,5.9300,5.9300,5.9100,5.9100,405
2020-10-16 13:00:00,5.9500,5.9500,5.9500,5.9500,101
2020-10-16 12:59:00,5.9300,5.9500,5.9300,5.9350,700
2020-10-16 12:58:00,5.9600,5.9600,5.9101,5.9101,351
2020-10-16 12:57:00,5.9350,5.9350,5.9350,5.9350,250
2020-10-16 12:52:00,5.9400,5.9500,5.9400,5.9500,334
2020-10-16 12:49:00,5.9400,5.9500,5.9400,5.9500,351
2020-10-16 12:48:00,5.9499,5.9499,5.9499,5.9499,2000
2020-10-16 12:46:00,5.8900,5.9200,5.8900,5.9000,575
2020-10-16 12:45:00,5.9314,5.9600,5.9300,5.9300,5400
2020-10-16 12:44:00,5.9600,5.9600,5.9600,5.9600,100
2020-10-16 12:43:00,5.9600,5.9600,5.9600,5.9600,100
2020-10-16 12:42:00,5.9400,5.9600,5.9400,5.9600,700
2020-10-16 12:41:00,5.9500,5.9500,5.9500,5.9500,105
2020-10-16 12:40:00,5.9137,5.9500,5.9137,5.9500,1626
2020-10-16 12:37:00,5.9150,5.9150,5.9150,5.9150,108
2020-10-16 12:36:00,5.9200,5.9200,5.9200,5.9200,100
2020-10-16 12:34:00,5.9150,5.9150,5.9150,5.9150,120
2020-10-16 12:33:00,5.8999,5.9150,5.8900,5.9150,3846
2020-10-16 12:32:00,5.9000,5.9000,5.9000,5.9000,303
2020-10-16 12:31:00,5.8900,5.9500,5.8900,5.9500,1504
2020-10-16 12:30:00,5.8750,5.9300,5.8500,5.8900,10024
2020-10-16 12:29:00,5.8749,5.8899,5.8700,5.8750,3444
2020-10-16 12:28:00,5.8650,5.8650,5.8500,5.8500,501
2020-10-16 12:26:00,5.8800,5.8800,5.8650,5.8650,200
2020-10-16 12:25:00,5.8800,5.8800,5.8800,5.8800,100
2020-10-16 12:23:00,5.8498,5.8700,5.8498,5.8700,2035
2020-10-16 12:22:00,5.8340,5.8400,5.8340,5.8350,5381
2020-10-16 12:19:00,5.8350,5.8350,5.8350,5.8350,106
2020-10-16 12:18:00,5.8350,5.8350,5.8350,5.8350,101
2020-10-16 12:16:00,5.8500,5.8500,5.8500,5.8500,100
2020-10-16 12:15:00,5.8300,5.8300,5.8300,5.8300,200
2020-10-16 12:14:00,5.7900,5.8000,5.7900,5.8000,320
2020-10-16 12:13:00,5.8000,5.8000,5.8000,5.8000,104
2020-10-16 12:07:00,5.7700,5.7700,5.7700,5.7700,100
2020-10-16 12:06:00,5.8500,5.8500,5.7700,5.8024,5136
2020-10-16 12:00:00,5.8400,5.8400,5.8400,5.8400,200
2020-10-16 11:59:00,5.8181,5.8181,5.8181,5.8181,100
2020-10-16 11:54:00,5.8400,5.8400,5.8400,5.8400,100
2020-10-16 11:53:00,5.8000,5.8000,5.8000,5.8000,160
2020-10-16 11:51:00,5.8400,5.8400,5.8400,5.8400,430
2020-10-16 11:47:00,5.8150,5.8150,5.7900,5.7900,300
2020-10-16 11:46:00,5.7899,5.8100,5.7899,5.8100,1935
2020-10-16 11:45:00,5.7900,5.7998,5.7900,5.7998,206
2020-10-16 11:44:00,5.7900,5.7900,5.7900,5.7900,1489
2020-10-16 11:40:00,5.7814,5.7814,5.7814,5.7814,400
2020-10-16 11:38:00,5.7750,5.7750,5.7750,5.7750,116
2020-10-16 11:37:00,5.7750,5.7750,5.7750,5.7750,100
2020-10-16 11:36:00,5.7750,5.7750,5.7750,5.7750,122
2020-10-16 11:34:00,5.7800,5.7900,5.7800,5.7900,700
2020-10-16 11:32:00,5.7750,5.7750,5.7750,5.7750,201
2020-10-16 11:26:00,5.7900,5.7900,5.7900,5.7900,322
2020-10-16 11:23:00,5.7500,5.7500,5.7500,5.7500,100
2020-10-16 11:22:00,5.7800,5.7800,5.7700,5.7700,300
2020-10-16 11:21:00,5.7900,5.7900,5.7900,5.7900,100
2020-10-16 11:20:00,5.7850,5.7850,5.7850,5.7850,100
2020-10-16 11:16:00,5.7850,5.7850,5.7850,5.7850,251
2020-10-16 11:13:00,5.7700,5.7850,5.7700,5.7850,379
2020-10-16 11:08:00,5.7807,5.7807,5.7807,5.7807,200
2020-10-16 11:06:00,5.7800,5.7800,5.7700,5.7700,201
2020-10-16 11:05:00,5.8250,5.8250,5.7900,5.7900,1079
2020-10-16 11:04:00,5.8016,5.8016,5.8016,5.8016,320
2020-10-16 11:03:00,5.8200,5.8300,5.8200,5.8200,2090
2020-10-16 10:58:00,5.8300,5.8300,5.8000,5.8000,418
2020-10-16 10:57:00,5.8290,5.8290,5.8290,5.8290,301
2020-10-16 10:56:00,5.8200,5.8200,5.8100,5.8100,400
2020-10-16 10:54:00,5.8350,5.8350,5.8200,5.8200,349
2020-10-16 10:49:00,5.8300,5.8300,5.8300,5.8300,100
2020-10-16 10:48:00,5.8350,5.8350,5.8350,5.8350,188
2020-10-16 10:47:00,5.8370,5.8370,5.8370,5.8370,110
2020-10-16 10:46:00,5.8350,5.8350,5.8200,5.8200,501
2020-10-16 10:45:00,5.8450,5.8450,5.8200,5.8200,280
2020-10-16 10:44:00,5.8200,5.8700,5.8200,5.8700,206
2020-10-16 10:41:00,5.8450,5.8450,5.8450,5.8450,100
2020-10-16 10:40:00,5.8450,5.8450,5.8200,5.8201,1100
2020-10-16 10:39:00,5.8200,5.8200,5.8200,5.8200,408
2020-10-16 10:38:00,5.8150,5.8200,5.8150,5.8200,685
2020-10-16 10:36:00,5.8100,5.8100,5.8100,5.8100,110
2020-10-16 10:34:00,5.7900,5.8165,5.7900,5.8165,401
2020-10-16 10:33:00,5.8601,5.8601,5.8200,5.8200,3325
2020-10-16 10:32:00,5.8750,5.8900,5.8600,5.8800,1510
2020-10-16 10:31:00,5.9000,5.9000,5.8500,5.8750,1401
2020-10-16 10:30:00,5.8900,5.9000,5.8700,5.9000,405
2020-10-16 10:29:00,5.8900,5.9000,5.8150,5.8150,300
2020-10-16 10:28:00,5.8100,5.8900,5.8100,5.8900,200
2020-10-16 10:27:00,5.9000,5.9000,5.8100,5.9000,1020
2020-10-16 10:26:00,5.8500,5.8900,5.8417,5.8417,1917
2020-10-16 10:25:00,5.8800,5.8800,5.8350,5.8600,675
2020-10-16 10:24:00,5.8300,5.8800,5.8194,5.8800,1220
2020-10-16 10:23:00,5.8800,5.8800,5.8800,5.8800,203
2020-10-16 10:22:00,5.8400,5.8600,5.8000,5.8600,452
2020-10-16 10:21:00,5.8000,5.8400,5.7700,5.7700,800
2020-10-16 10:20:00,5.7985,5.8300,5.7700,5.8000,1601
2020-10-16 10:19:00,5.7500,5.8100,5.7500,5.8100,4019
2020-10-16 10:18:00,5.7200,5.7900,5.7200,5.7500,10200
2020-10-16 10:17:00,5.7150,5.7150,5.7150,5.7150,1101
2020-10-16 10:16:00,5.7100,5.7200,5.7100,5.7100,1116
2020-10-16 10:14:00,5.6800,5.6950,5.6800,5.6950,200
2020-10-16 10:13:00,5.6950,5.6950,5.6950,5.6950,100
2020-10-16 10:12:00,5.6850,5.6850,5.6850,5.6850,267
2020-10-16 10:11:00,5.6601,5.7100,5.6601,5.7100,599
2020-10-16 10:10:00,5.7100,5.7100,5.6850,5.6850,202
2020-10-16 10:09:00,5.6600,5.6600,5.6600,5.6600,227
2020-10-16 10:08:00,5.7000,5.7000,5.6650,5.6650,305
2020-10-16 10:07:00,5.6900,5.6900,5.6625,5.6625,1151
2020-10-16 10:06:00,5.6700,5.6700,5.6700,5.6700,105
2020-10-16 10:05:00,5.6500,5.6500,5.6500,5.6500,303
2020-10-16 10:04:00,5.6700,5.6700,5.6500,5.6500,203
2020-10-16 10:03:00,5.6700,5.6700,5.6600,5.6600,300
2020-10-16 10:02:00,5.6500,5.6600,5.6500,5.6600,1009
2020-10-16 09:58:00,5.6500,5.6501,5.6500,5.6500,4220
2020-10-16 09:57:00,5.6800,5.6800,5.6800,5.6800,529
2020-10-16 09:56:00,5.6600,5.6800,5.6600,5.6800,603
2020-10-16 09:55:00,5.6500,5.6500,5.6500,5.6500,101
2020-10-16 09:54:00,5.6400,5.6400,5.6303,5.6400,1602
2020-10-16 09:53:00,5.6200,5.6308,5.6200,5.6300,1401
2020-10-16 09:52:00,5.6400,5.6400,5.6100,5.6100,415
2020-10-16 09:51:00,5.6200,5.6200,5.6200,5.6200,111
2020-10-16 09:49:00,5.6225,5.6225,5.6225,5.6225,250
2020-10-16 09:47:00,5.6200,5.6200,5.6200,5.6200,125
2020-10-16 09:46:00,5.6100,5.6200,5.6100,5.6200,1509
2020-10-16 09:40:00,5.6100,5.6100,5.6100,5.6100,100
2020-10-16 09:39:00,5.6401,5.6401,5.6400,5.6400,508
2020-10-16 09:33:00,5.6600,5.6600,5.6600,5.6600,100
2020-10-16 09:32:00,5.6600,5.6600,5.6600,5.6600,105
2020-10-16 09:31:00,5.5800,5.6120,5.5800,5.6120,6379
2020-10-15 17:14:00,5.7000,5.7000,5.7000,5.7000,145
2020-10-15 17:12:00,5.7000,5.7000,5.7000,5.7000,100
2020-10-15 16:00:00,5.6300,5.6700,5.6300,5.6700,4027
2020-10-15 15:59:00,5.6100,5.6300,5.6000,5.6300,1764
2020-10-15 15:58:00,5.6200,5.6200,5.6200,5.6200,100
2020-10-15 15:57:00,5.6400,5.6500,5.5600,5.5900,16903
2020-10-15 15:56:00,5.6500,5.6500,5.6500,5.6500,384
2020-10-15 15:55:00,5.6500,5.6600,5.6500,5.6550,2816
2020-10-15 15:54:00,5.6700,5.6700,5.6600,5.6700,2229
2020-10-15 15:53:00,5.6750,5.6750,5.6700,5.6700,2073
2020-10-15 15:51:00,5.6801,5.6801,5.6800,5.6800,927
2020-10-15 15:50:00,5.6850,5.6850,5.6850,5.6850,273
2020-10-15 15:49:00,5.6848,5.6848,5.6848,5.6848,273
2020-10-15 15:48:00,5.6850,5.6850,5.6850,5.6850,122
2020-10-15 15:47:00,5.6950,5.6950,5.6950,5.6950,121
2020-10-15 15:45:00,5.6800,5.6800,5.6700,5.6701,316
2020-10-15 15:38:00,5.6839,5.7100,5.6839,5.7100,757
2020-10-15 15:37:00,5.6950,5.6950,5.6950,5.6950,198
2020-10-15 15:36:00,5.7100,5.7100,5.6801,5.7004,523
2020-10-15 15:35:00,5.6900,5.6950,5.6900,5.6900,400
2020-10-15 15:33:00,5.6900,5.6900,5.6900,5.6900,500
2020-10-15 15:32:00,5.6900,5.6900,5.6900,5.6900,255
2020-10-15 15:28:00,5.6918,5.6918,5.6918,5.6918,400
2020-10-15 15:27:00,5.7000,5.7000,5.6600,5.6601,1676
2020-10-15 15:26:00,5.7200,5.7200,5.7200,5.7200,215
2020-10-15 15:22:00,5.6900,5.6900,5.6900,5.6900,100
2020-10-15 15:21:00,5.7000,5.7000,5.7000,5.7000,217
2020-10-15 15:20:00,5.7000,5.7000,5.7000,5.7000,615
2020-10-15 15:19:00,5.7100,5.7100,5.7000,5.7050,735
2020-10-15 15:16:00,5.7100,5.7200,5.7100,5.7101,640
2020-10-15 15:15:00,5.7200,5.7200,5.7200,5.7200,100
2020-10-15 15:04:00,5.7400,5.7400,5.7265,5.7265,558
2020-10-15 15:03:00,5.7100,5.7100,5.7100,5.7100,465
2020-10-15 15:02:00,5.7000,5.7000,5.7000,5.7000,220
2020-10-15 14:59:00,5.7000,5.7000,5.7000,5.7000,200
2020-10-15 14:56:00,5.7000,5.7000,5.7000,5.7000,100
2020-10-15 14:54:00,5.6916,5.6916,5.6916,5.6916,118
2020-10-15 14:50:00,5.7100,5.7100,5.6600,5.6600,249
2020-10-15 14:47:00,5.6600,5.6600,5.6600,5.6600,305
2020-10-15 14:46:00,5.7000,5.7000,5.7000,5.7000,310
2020-10-15 14:44:00,5.7100,5.7100,5.7100,5.7100,397
2020-10-15 14:43:00,5.7000,5.7000,5.7000,5.7000,500
2020-10-15 14:42:00,5.6700,5.6956,5.6700,5.6956,786
2020-10-15 14:41:00,5.6600,5.6600,5.6600,5.6600,200
2020-10-15 14:38:00,5.6650,5.6650,5.6601,5.6601,300
2020-10-15 14:37:00,5.6650,5.6650,5.6650,5.6650,106
2020-10-15 14:36:00,5.6700,5.6700,5.6700,5.6700,100
2020-10-15 14:35:00,5.6668,5.6668,5.6668,5.6668,1009
2020-10-15 14:34:00,5.6600,5.6600,5.6600,5.6600,200
2020-10-15 14:30:00,5.6700,5.6700,5.6700,5.6700,208
2020-10-15 14:27:00,5.6700,5.6700,5.6700,5.6700,225
2020-10-15 14:24:00,5.6900,5.6900,5.6900,5.6900,207
2020-10-15 14:23:00,5.7100,5.7100,5.7100,5.7100,400
2020-10-15 14:22:00,5.6900,5.7100,5.6900,5.7100,240
2020-10-15 14:21:00,5.6900,5.6900,5.6900,5.6900,113
2020-10-15 14:15:00,5.7050,5.7050,5.7050,5.7050,110
2020-10-15 14:14:00,5.6950,5.6950,5.6950,5.6950,109
2020-10-15 14:13:00,5.7000,5.7000,5.7000,5.7000,988
2020-10-15 14:11:00,5.7200,5.7200,5.7200,5.7200,100
2020-10-15 14:10:00,5.6856,5.7200,5.6856,5.7200,2331
2020-10-15 14:09:00,5.6850,5.6850,5.6850,5.6850,110
2020-10-15 14:08:00,5.6800,5.6800,5.6800,5.6800,100
2020-10-15 14:06:00,5.6601,5.6601,5.6601,5.6601,102
2020-10-15 14:05:00,5.6900,5.6900,5.6900,5.6900,100
2020-10-15 14:04:00,5.6800,5.6800,5.6800,5.6800,134
2020-10-15 14:03:00,5.6900,5.6900,5.6750,5.6750,200
2020-10-15 14:02:00,5.7000,5.7000,5.6850,5.6850,510
2020-10-15 14:01:00,5.6900,5.6900,5.6900,5.6900,400
2020-10-15 13:57:00,5.6601,5.6601,5.6601,5.6601,100
2020-10-15 13:54:00,5.6600,5.6600,5.6600,5.6600,126
2020-10-15 13:49:00,5.6700,5.6700,5.6600,5.6600,255
2020-10-15 13:47:00,5.6700,5.6700,5.6700,5.6700,267
2020-10-15 13:44:00,5.6501,5.6501,5.6501,5.6501,114
2020-10-15 13:42:00,5.7000,5.7000,5.6800,5.6800,848
2020-10-15 13:39:00,5.6801,5.6801,5.6801,5.6801,100
2020-10-15 13:35:00,5.6850,5.6850,5.6850,5.6850,100
2020-10-15 13:34:00,5.6850,5.6850,5.6850,5.6850,103
2020-10-15 13:30:00,5.6801,5.6801,5.6801,5.6801,100
2020-10-15 13:26:00,5.6800,5.6800,5.6800,5.6800,450
2020-10-15 13:20:00,5.6700,5.6700,5.6400,5.6600,734
2020-10-15 13:17:00,5.6650,5.6650,5.6600,5.6600,300
2020-10-15 13:16:00,5.6600,5.6650,5.6500,5.6650,2710
2020-10-15 13:15:00,5.6600,5.6700,5.6600,5.6700,340
2020-10-15 13:14:00,5.6600,5.6600,5.6600,5.6600,207
2020-10-15 13:13:00,5.6600,5.6600,5.6600,5.6600,159
2020-10-15 13:12:00,5.6600,5.6600,5.6600,5.6600,200
2020-10-15 13:11:00,5.6850,5.6869,5.6600,5.6800,700
2020-10-15 13:10:00,5.6600,5.6600,5.6600,5.6600,200
2020-10-15 13:09:00,5.6900,5.7026,5.6600,5.7000,837
2020-10-15 13:08:00,5.7000,5.7000,5.7000,5.7000,843
2020-10-15 13:07:00,5.7100,5.7100,5.7100,5.7100,511
2020-10-15 13:06:00,5.6900,5.7100,5.6900,5.7000,3500
2020-10-15 13:05:00,5.6700,5.6700,5.6700,5.6700,1180
2020-10-15 13:04:00,5.6600,5.6600,5.6600,5.6600,206
2020-10-15 13:03:00,5.6600,5.6600,5.6600,5.6600,101
2020-10-15 13:02:00,5.6700,5.6700,5.6600,5.6600,200
2020-10-15 13:01:00,5.6600,5.6625,5.6600,5.6625,600
2020-10-15 12:59:00,5.6600,5.6600,5.6600,5.6600,307
2020-10-15 12:58:00,5.6800,5.6800,5.6600,5.6600,1401
2020-10-15 12:56:00,5.6900,5.6900,5.6700,5.6700,745
2020-10-15 12:55:00,5.6700,5.6800,5.6700,5.6800,201
2020-10-15 12:54:00,5.6700,5.6700,5.6700,5.6700,105
2020-10-15 12:53:00,5.6700,5.6700,5.6700,5.6700,214
2020-10-15 12:52:00,5.6700,5.6700,5.6700,5.6700,104
2020-10-15 12:51:00,5.6700,5.6700,5.6700,5.6700,200
2020-10-15 12:50:00,5.6600,5.6800,5.6600,5.6800,322
2020-10-15 12:49:00,5.7000,5.7000,5.7000,5.7000,112
2020-10-15 12:48:00,5.7100,5.7100,5.7100,5.7100,423
2020-10-15 12:47:00,5.7300,5.7600,5.7100,5.7100,803
2020-10-15 12:45:00,5.7476,5.7476,5.7476,5.7476,200
2020-10-15 12:44:00,5.7200,5.7700,5.7100,5.7100,6693
2020-10-15 12:42:00,5.7100,5.7100,5.7100,5.7100,150
2020-10-15 12:39:00,5.7200,5.7200,5.7200,5.7200,138
2020-10-15 12:38:00,5.7150,5.7300,5.7150,5.7300,300
2020-10-15 12:35:00,5.7000,5.7000,5.7000,5.7000,500
2020-10-15 12:34:00,5.7150,5.7300,5.7150,5.7300,308
2020-10-15 12:29:00,5.7500,5.7500,5.7400,5.7400,200
2020-10-15 12:26:00,5.7409,5.7409,5.7409,5.7409,100
2020-10-15 12:24:00,5.7100,5.7100,5.7100,5.7100,118
2020-10-15 12:21:00,5.7100,5.7600,5.7000,5.7600,900
2020-10-15 12:20:00,5.7200,5.7200,5.7200,5.7200,140
2020-10-15 12:17:00,5.7500,5.7500,5.7250,5.7250,1000
2020-10-15 12:14:00,5.7750,5.7750,5.7750,5.7750,131
2020-10-15 12:13:00,5.7600,5.7600,5.7600,5.7600,600
2020-10-15 12:09:00,5.7800,5.7800,5.7800,5.7800,116
2020-10-15 12:05:00,5.7700,5.8000,5.7700,5.8000,979
2020-10-15 12:03:00,5.7900,5.7900,5.7800,5.7800,1358
2020-10-15 12:02:00,5.7900,5.7900,5.7900,5.7900,225
2020-10-15 11:59:00,5.7950,5.7950,5.7950,5.7950,210
2020-10-15 11:58:00,5.7950,5.7950,5.7950,5.7950,300
2020-10-15 11:57:00,5.7950,5.7950,5.7950,5.7950,200
2020-10-15 11:55:00,5.7950,5.7950,5.7950,5.7950,100
2020-10-15 11:52:00,5.8000,5.8000,5.8000,5.8000,100
2020-10-15 11:50:00,5.7900,5.7950,5.7900,5.7950,473
2020-10-15 11:48:00,5.7950,5.7950,5.7950,5.7950,100
2020-10-15 11:47:00,5.7950,5.8000,5.7950,5.8000,870
2020-10-15 11:46:00,5.7950,5.7950,5.7950,5.7950,120
2020-10-15 11:45:00,5.7950,5.7950,5.7950,5.7950,100
2020-10-15 11:44:00,5.7996,5.7996,5.7996,5.7996,100
2020-10-15 11:43:00,5.8050,5.8100,5.8050,5.8100,600
2020-10-15 11:42:00,5.8100,5.8100,5.8100,5.8100,173
2020-10-15 11:41:00,5.8100,5.8100,5.8100,5.8100,200
2020-10-15 11:40:00,5.8001,5.8100,5.8001,5.8100,1873
2020-10-15 11:37:00,5.8050,5.8050,5.8050,5.8050,100
2020-10-15 11:36:00,5.8001,5.8001,5.7900,5.7900,453
2020-10-15 11:35:00,5.8000,5.8000,5.7992,5.7992,328
2020-10-15 11:34:00,5.8000,5.8000,5.7800,5.7800,1111
2020-10-15 11:32:00,5.8000,5.8000,5.7600,5.7600,2000
2020-10-15 11:31:00,5.8000,5.8000,5.8000,5.8000,111
2020-10-15 11:30:00,5.8200,5.8400,5.8006,5.8250,11604
2020-10-15 11:29:00,5.8300,5.8300,5.8300,5.8300,213
2020-10-15 11:28:00,5.8250,5.8400,5.8250,5.8250,1512
2020-10-15 11:27:00,5.8200,5.8200,5.8200,5.8200,100
2020-10-15 11:26:00,5.8050,5.8050,5.8050,5.8050,100
2020-10-15 11:25:00,5.7900,5.8000,5.7900,5.8000,300
2020-10-15 11:24:00,5.8199,5.8200,5.7950,5.8000,1411
2020-10-15 11:23:00,5.7400,5.8000,5.7400,5.8000,622
2020-10-15 11:22:00,5.7700,5.7700,5.7400,5.7400,472
2020-10-15 11:21:00,5.7300,5.7300,5.7198,5.7300,413
2020-10-15 11:20:00,5.6700,5.7300,5.6700,5.6800,3333
2020-10-15 11:19:00,5.6650,5.6700,5.6650,5.6700,1143
2020-10-15 11:18:00,5.6650,5.6800,5.6600,5.6600,3144
2020-10-15 11:17:00,5.6600,5.6667,5.6600,5.6667,620
2020-10-15 11:16:00,5.6650,5.6700,5.6600,5.6650,2448
2020-10-15 11:15:00,5.6600,5.6700,5.6600,5.6650,5035
2020-10-15 11:14:00,5.6300,5.6900,5.6300,5.6650,5977
2020-10-15 11:13:00,5.6100,5.6600,5.6100,5.6100,1452
2020-10-15 11:12:00,5.6350,5.6350,5.5701,5.5950,2102
2020-10-15 11:11:00,5.7900,5.7900,5.4400,5.6200,69915
2020-10-15 11:10:00,5.8000,5.8000,5.8000,5.8000,1350
2020-10-15 11:08:00,5.8500,5.8600,5.8000,5.8000,5455
2020-10-15 11:07:00,5.8700,5.8700,5.8700,5.8700,140
2020-10-15 11:06:00,5.8700,5.8700,5.8500,5.8500,200
2020-10-15 11:05:00,5.8700,5.8700,5.8700,5.8700,133
2020-10-15 11:04:00,5.8501,5.8501,5.8500,5.8500,1683
2020-10-15 11:03:00,5.8700,5.8700,5.8600,5.8700,503
2020-10-15 11:02:00,5.8700,5.8700,5.8700,5.8700,102
2020-10-15 11:01:00,5.8400,5.8500,5.8400,5.8500,914
2020-10-15 11:00:00,5.8500,5.8500,5.8500,5.8500,100
2020-10-15 10:59:00,5.8511,5.8511,5.8511,5.8511,411
2020-10-15 10:56:00,5.8000,5.8000,5.8000,5.8000,159
2020-10-15 10:55:00,5.8800,5.9000,5.8000,5.8000,9628
2020-10-15 10:54:00,5.9000,5.9000,5.9000,5.9000,223
2020-10-15 10:53:00,5.9000,5.9000,5.9000,5.9000,100
2020-10-15 10:52:00,5.9000,5.9000,5.9000,5.9000,122
2020-10-15 10:51:00,5.8900,5.9000,5.8900,5.9000,1633
2020-10-15 10:49:00,5.8600,5.8600,5.8600,5.8600,116
2020-10-15 10:44:00,5.9200,5.9200,5.8900,5.9200,463
2020-10-15 10:43:00,5.9600,5.9600,5.8600,5.9500,15562
2020-10-15 10:40:00,5.9900,5.9900,5.9900,5.9900,324
2020-10-15 10:38:00,6.0000,6.0000,6.0000,6.0000,155
2020-10-15 10:36:00,5.9700,5.9700,5.9700,5.9700,200
2020-10-15 10:33:00,6.0000,6.0200,5.9700,6.0200,1000
2020-10-15 10:30:00,5.9975,5.9975,5.9975,5.9975,400
2020-10-15 10:29:00,5.9700,5.9700,5.9700,5.9700,220
2020-10-15 10:28:00,6.0000,6.0400,6.0000,6.0400,820
2020-10-15 10:27:00,6.0400,6.0400,6.0400,6.0400,100
2020-10-15 10:26:00,6.0300,6.0300,6.0300,6.0300,310
2020-10-15 10:25:00,6.0000,6.0000,5.9600,5.9600,5300
2020-10-15 10:16:00,6.0400,6.0400,6.0400,6.0400,114
2020-10-15 10:06:00,6.0050,6.0050,6.0050,6.0050,116
2020-10-15 10:04:00,6.0200,6.0200,6.0200,6.0200,300
2020-10-15 10:01:00,6.0500,6.0500,6.0500,6.0500,120
2020-10-15 10:00:00,6.0500,6.0500,6.0500,6.0500,254
2020-10-15 09:52:00,6.0500,6.0500,6.0500,6.0500,551
2020-10-15 09:50:00,6.0200,6.0200,6.0200,6.0200,192
2020-10-15 09:49:00,6.0200,6.0300,6.0200,6.0300,494
2020-10-15 09:47:00,6.0084,6.0084,6.0084,6.0084,601
2020-10-15 09:43:00,6.0000,6.0000,6.0000,6.0000,100
2020-10-15 09:41:00,6.0500,6.0500,6.0500,6.0500,201
2020-10-15 09:39:00,5.9800,6.0300,5.9600,6.0000,2824
2020-10-15 09:31:00,6.0400,6.0400,6.0400,6.0400,1914
